subset,class,label,filename,path
train,OK,0,NAPLES_BLACK_20260706_111850_213173_OK.jpg,C:\SVC_INSPECAO_USB_GIT\datasets\NAPLES_BLACK_AUG200\OK\NAPLES_BLACK_20260706_111850_213173_OK.jpg
train,OK,0,NAPLES_BLACK_20260706_085854_202693_OK.jpg,C:\SVC_INSPECAO_USB_GIT\datasets\NAPLES_BLACK_AUG200\OK\NAPLES_BLACK_20260706_085854_202693_OK.jpg
train,OK,0,AUG_OK_0177_from_NAPLES_BLACK_20260706_110909_857812_OK.jpg,C:\SVC_INSPECAO_USB_GIT\datasets\NAPLES_BLACK_AUG200\OK\AUG_OK_0177_from_NAPLES_BLACK_20260706_110909_857812_OK.jpg
train,OK,0,NAPLES_BLACK_20260706_110752_836964_OK.jpg,C:\SVC_INSPECAO_USB_GIT\datasets\NAPLES_BLACK_AUG200\OK\NAPLES_BLACK_20260706_110752_836964_OK.jpg
train,OK,0,NAPLES_BLACK_20260706_111109_296951_OK.jpg,C:\SVC_INSPECAO_USB_GIT\datasets\NAPLES_BLACK_AUG200\OK\NAPLES_BLACK_20260706_111109_296951_OK.jpg
train,OK,0,NAPLES_BLACK_20260706_085724_829194_OK.jpg,C:\SVC_INSPECAO_USB_GIT\datasets\NAPLES_BLACK_AUG200\OK\NAPLES_BLACK_20260706_085724_829194_OK.jpg
train,OK,0,NAPLES_BLACK_20260706_105056_422974_OK.jpg,C:\SVC_INSPECAO_USB_GIT\datasets\NAPLES_BLACK_AUG200\OK\NAPLES_BLACK_20260706_105056_422974_OK.jpg
train,OK,0,NAPLES_BLACK_20260706_104643_752871_OK.jpg,C:\SVC_INSPECAO_USB_GIT\datasets\NAPLES_BLACK_AUG200\OK\NAPLES_BLACK_20260706_104643_752871_OK.jpg
train,OK,0,NAPLES_BLACK_20260706_095059_779248_OK.jpg,C:\SVC_INSPECAO_USB_GIT\datasets\NAPLES_BLACK_AUG200\OK\NAPLES_BLACK_20260706_095059_779248_OK.jpg
train,OK,0,NAPLES_BLACK_20260706_104813_466688_OK.jpg,C:\SVC_INSPECAO_USB_GIT\datasets\NAPLES_BLACK_AUG200\OK\NAPLES_BLACK_20260706_104813_466688_OK.jpg
train,OK,0,NAPLES_BLACK_20260706_104633_343711_OK.jpg,C:\SVC_INSPECAO_USB_GIT\datasets\NAPLES_BLACK_AUG200\OK\NAPLES_BLACK_20260706_104633_343711_OK.jpg
train,OK,0,NAPLES_BLACK_20260706_104033_195173_OK.jpg,C:\SVC_INSPECAO_USB_GIT\datasets\NAPLES_BLACK_AUG200\OK\NAPLES_BLACK_20260706_104033_195173_OK.jpg
train,OK,0,NAPLES_BLACK_20260706_104204_354592_OK.jpg,C:\SVC_INSPECAO_USB_GIT\datasets\NAPLES_BLACK_AUG200\OK\NAPLES_BLACK_20260706_104204_354592_OK.jpg
train,OK,0,NAPLES_BLACK_20260706_110804_823873_OK.jpg,C:\SVC_INSPECAO_USB_GIT\datasets\NAPLES_BLACK_AUG200\OK\NAPLES_BLACK_20260706_110804_823873_OK.jpg
train,OK,0,NAPLES_BLACK_20260706_085112_792766_OK.jpg,C:\SVC_INSPECAO_USB_GIT\datasets\NAPLES_BLACK_AUG200\OK\NAPLES_BLACK_20260706_085112_792766_OK.jpg
train,OK,0,AUG_OK_0167_from_NAPLES_BLACK_20260707_070300_983530_OK.jpg,C:\SVC_INSPECAO_USB_GIT\datasets\NAPLES_BLACK_AUG200\OK\AUG_OK_0167_from_NAPLES_BLACK_20260707_070300_983530_OK.jpg
train,OK,0,NAPLES_BLACK_20260706_111556_082556_OK.jpg,C:\SVC_INSPECAO_USB_GIT\datasets\NAPLES_BLACK_AUG200\OK\NAPLES_BLACK_20260706_111556_082556_OK.jpg
train,OK,0,NAPLES_BLACK_20260707_070135_361218_OK.jpg,C:\SVC_INSPECAO_USB_GIT\datasets\NAPLES_BLACK_AUG200\OK\NAPLES_BLACK_20260707_070135_361218_OK.jpg
train,OK,0,AUG_OK_0183_from_NAPLES_BLACK_20260706_105959_345929_OK.jpg,C:\SVC_INSPECAO_USB_GIT\datasets\NAPLES_BLACK_AUG200\OK\AUG_OK_0183_from_NAPLES_BLACK_20260706_105959_345929_OK.jpg
train,OK,0,NAPLES_BLACK_20260706_095240_670569_OK.jpg,C:\SVC_INSPECAO_USB_GIT\datasets\NAPLES_BLACK_AUG200\OK\NAPLES_BLACK_20260706_095240_670569_OK.jpg
train,OK,0,NAPLES_BLACK_20260706_104154_625914_OK.jpg,C:\SVC_INSPECAO_USB_GIT\datasets\NAPLES_BLACK_AUG200\OK\NAPLES_BLACK_20260706_104154_625914_OK.jpg
train,OK,0,NAPLES_BLACK_20260706_084847_167711_OK.jpg,C:\SVC_INSPECAO_USB_GIT\datasets\NAPLES_BLACK_AUG200\OK\NAPLES_BLACK_20260706_084847_167711_OK.jpg
train,OK,0,NAPLES_BLACK_20260706_111017_249561_OK.jpg,C:\SVC_INSPECAO_USB_GIT\datasets\NAPLES_BLACK_AUG200\OK\NAPLES_BLACK_20260706_111017_249561_OK.jpg
train,OK,0,NAPLES_BLACK_20260706_112347_496735_OK.jpg,C:\SVC_INSPECAO_USB_GIT\datasets\NAPLES_BLACK_AUG200\OK\NAPLES_BLACK_20260706_112347_496735_OK.jpg
train,OK,0,NAPLES_BLACK_20260706_105927_242585_OK.jpg,C:\SVC_INSPECAO_USB_GIT\datasets\NAPLES_BLACK_AUG200\OK\NAPLES_BLACK_20260706_105927_242585_OK.jpg
train,OK,0,NAPLES_BLACK_20260706_095216_573745_OK.jpg,C:\SVC_INSPECAO_USB_GIT\datasets\NAPLES_BLACK_AUG200\OK\NAPLES_BLACK_20260706_095216_573745_OK.jpg
train,OK,0,NAPLES_BLACK_20260706_104838_201022_OK.jpg,C:\SVC_INSPECAO_USB_GIT\datasets\NAPLES_BLACK_AUG200\OK\NAPLES_BLACK_20260706_104838_201022_OK.jpg
train,OK,0,AUG_OK_0186_from_NAPLES_BLACK_20260706_085646_920312_OK.jpg,C:\SVC_INSPECAO_USB_GIT\datasets\NAPLES_BLACK_AUG200\OK\AUG_OK_0186_from_NAPLES_BLACK_20260706_085646_920312_OK.jpg
train,OK,0,AUG_OK_0181_from_NAPLES_BLACK_20260706_105753_500880_OK.jpg,C:\SVC_INSPECAO_USB_GIT\datasets\NAPLES_BLACK_AUG200\OK\AUG_OK_0181_from_NAPLES_BLACK_20260706_105753_500880_OK.jpg
train,OK,0,NAPLES_BLACK_20260706_113037_306913_OK.jpg,C:\SVC_INSPECAO_USB_GIT\datasets\NAPLES_BLACK_AUG200\OK\NAPLES_BLACK_20260706_113037_306913_OK.jpg
train,OK,0,NAPLES_BLACK_20260706_110818_022207_OK.jpg,C:\SVC_INSPECAO_USB_GIT\datasets\NAPLES_BLACK_AUG200\OK\NAPLES_BLACK_20260706_110818_022207_OK.jpg
train,OK,0,NAPLES_BLACK_20260706_113055_746851_OK.jpg,C:\SVC_INSPECAO_USB_GIT\datasets\NAPLES_BLACK_AUG200\OK\NAPLES_BLACK_20260706_113055_746851_OK.jpg
train,OK,0,NAPLES_BLACK_20260706_085951_107909_OK.jpg,C:\SVC_INSPECAO_USB_GIT\datasets\NAPLES_BLACK_AUG200\OK\NAPLES_BLACK_20260706_085951_107909_OK.jpg
train,OK,0,NAPLES_BLACK_20260706_095324_159254_OK.jpg,C:\SVC_INSPECAO_USB_GIT\datasets\NAPLES_BLACK_AUG200\OK\NAPLES_BLACK_20260706_095324_159254_OK.jpg
train,OK,0,NAPLES_BLACK_20260706_111712_973453_OK.jpg,C:\SVC_INSPECAO_USB_GIT\datasets\NAPLES_BLACK_AUG200\OK\NAPLES_BLACK_20260706_111712_973453_OK.jpg
train,OK,0,NAPLES_BLACK_20260706_085213_054442_OK.jpg,C:\SVC_INSPECAO_USB_GIT\datasets\NAPLES_BLACK_AUG200\OK\NAPLES_BLACK_20260706_085213_054442_OK.jpg
train,OK,0,NAPLES_BLACK_20260706_104219_081717_OK.jpg,C:\SVC_INSPECAO_USB_GIT\datasets\NAPLES_BLACK_AUG200\OK\NAPLES_BLACK_20260706_104219_081717_OK.jpg
train,OK,0,NAPLES_BLACK_20260706_095230_141619_OK.jpg,C:\SVC_INSPECAO_USB_GIT\datasets\NAPLES_BLACK_AUG200\OK\NAPLES_BLACK_20260706_095230_141619_OK.jpg
train,OK,0,NAPLES_BLACK_20260706_085749_322859_OK.jpg,C:\SVC_INSPECAO_USB_GIT\datasets\NAPLES_BLACK_AUG200\OK\NAPLES_BLACK_20260706_085749_322859_OK.jpg
train,OK,0,NAPLES_BLACK_20260707_070233_695063_OK.jpg,C:\SVC_INSPECAO_USB_GIT\datasets\NAPLES_BLACK_AUG200\OK\NAPLES_BLACK_20260707_070233_695063_OK.jpg
train,OK,0,NAPLES_BLACK_20260706_095336_687839_OK.jpg,C:\SVC_INSPECAO_USB_GIT\datasets\NAPLES_BLACK_AUG200\OK\NAPLES_BLACK_20260706_095336_687839_OK.jpg
train,OK,0,NAPLES_BLACK_20260706_104910_930666_OK.jpg,C:\SVC_INSPECAO_USB_GIT\datasets\NAPLES_BLACK_AUG200\OK\NAPLES_BLACK_20260706_104910_930666_OK.jpg
train,OK,0,NAPLES_BLACK_20260706_104717_290947_OK.jpg,C:\SVC_INSPECAO_USB_GIT\datasets\NAPLES_BLACK_AUG200\OK\NAPLES_BLACK_20260706_104717_290947_OK.jpg
train,OK,0,NAPLES_BLACK_20260706_105905_979106_OK.jpg,C:\SVC_INSPECAO_USB_GIT\datasets\NAPLES_BLACK_AUG200\OK\NAPLES_BLACK_20260706_105905_979106_OK.jpg
train,OK,0,NAPLES_BLACK_20260706_110044_213901_OK.jpg,C:\SVC_INSPECAO_USB_GIT\datasets\NAPLES_BLACK_AUG200\OK\NAPLES_BLACK_20260706_110044_213901_OK.jpg
train,OK,0,AUG_OK_0200_from_NAPLES_BLACK_20260706_114921_838243_OK.jpg,C:\SVC_INSPECAO_USB_GIT\datasets\NAPLES_BLACK_AUG200\OK\AUG_OK_0200_from_NAPLES_BLACK_20260706_114921_838243_OK.jpg
train,OK,0,AUG_OK_0185_from_NAPLES_BLACK_20260706_111921_354530_OK.jpg,C:\SVC_INSPECAO_USB_GIT\datasets\NAPLES_BLACK_AUG200\OK\AUG_OK_0185_from_NAPLES_BLACK_20260706_111921_354530_OK.jpg
train,OK,0,NAPLES_BLACK_20260706_110020_079215_OK.jpg,C:\SVC_INSPECAO_USB_GIT\datasets\NAPLES_BLACK_AUG200\OK\NAPLES_BLACK_20260706_110020_079215_OK.jpg
train,OK,0,NAPLES_BLACK_20260706_105036_376011_OK.jpg,C:\SVC_INSPECAO_USB_GIT\datasets\NAPLES_BLACK_AUG200\OK\NAPLES_BLACK_20260706_105036_376011_OK.jpg
train,OK,0,NAPLES_BLACK_20260706_111931_596207_OK.jpg,C:\SVC_INSPECAO_USB_GIT\datasets\NAPLES_BLACK_AUG200\OK\NAPLES_BLACK_20260706_111931_596207_OK.jpg
train,OK,0,NAPLES_BLACK_20260706_085927_884146_OK.jpg,C:\SVC_INSPECAO_USB_GIT\datasets\NAPLES_BLACK_AUG200\OK\NAPLES_BLACK_20260706_085927_884146_OK.jpg
train,OK,0,NAPLES_BLACK_20260706_095313_769838_OK.jpg,C:\SVC_INSPECAO_USB_GIT\datasets\NAPLES_BLACK_AUG200\OK\NAPLES_BLACK_20260706_095313_769838_OK.jpg
train,OK,0,NAPLES_BLACK_20260706_110845_914481_OK.jpg,C:\SVC_INSPECAO_USB_GIT\datasets\NAPLES_BLACK_AUG200\OK\NAPLES_BLACK_20260706_110845_914481_OK.jpg
train,OK,0,NAPLES_BLACK_20260706_104134_682082_OK.jpg,C:\SVC_INSPECAO_USB_GIT\datasets\NAPLES_BLACK_AUG200\OK\NAPLES_BLACK_20260706_104134_682082_OK.jpg
train,OK,0,NAPLES_BLACK_20260706_111005_972840_OK.jpg,C:\SVC_INSPECAO_USB_GIT\datasets\NAPLES_BLACK_AUG200\OK\NAPLES_BLACK_20260706_111005_972840_OK.jpg
train,OK,0,NAPLES_BLACK_20260706_095050_287199_OK.jpg,C:\SVC_INSPECAO_USB_GIT\datasets\NAPLES_BLACK_AUG200\OK\NAPLES_BLACK_20260706_095050_287199_OK.jpg
train,OK,0,AUG_OK_0194_from_NAPLES_BLACK_20260706_095120_406410_OK.jpg,C:\SVC_INSPECAO_USB_GIT\datasets\NAPLES_BLACK_AUG200\OK\AUG_OK_0194_from_NAPLES_BLACK_20260706_095120_406410_OK.jpg
train,OK,0,NAPLES_BLACK_20260706_114857_933264_OK.jpg,C:\SVC_INSPECAO_USB_GIT\datasets\NAPLES_BLACK_AUG200\OK\NAPLES_BLACK_20260706_114857_933264_OK.jpg
train,OK,0,NAPLES_BLACK_20260706_104803_030381_OK.jpg,C:\SVC_INSPECAO_USB_GIT\datasets\NAPLES_BLACK_AUG200\OK\NAPLES_BLACK_20260706_104803_030381_OK.jpg
train,OK,0,NAPLES_BLACK_20260706_085709_670207_OK.jpg,C:\SVC_INSPECAO_USB_GIT\datasets\NAPLES_BLACK_AUG200\OK\NAPLES_BLACK_20260706_085709_670207_OK.jpg
train,OK,0,NAPLES_BLACK_20260706_111921_354530_OK.jpg,C:\SVC_INSPECAO_USB_GIT\datasets\NAPLES_BLACK_AUG200\OK\NAPLES_BLACK_20260706_111921_354530_OK.jpg
train,OK,0,AUG_OK_0171_from_NAPLES_BLACK_20260706_085749_322859_OK.jpg,C:\SVC_INSPECAO_USB_GIT\datasets\NAPLES_BLACK_AUG200\OK\AUG_OK_0171_from_NAPLES_BLACK_20260706_085749_322859_OK.jpg
train,OK,0,AUG_OK_0196_from_NAPLES_BLACK_20260706_113037_306913_OK.jpg,C:\SVC_INSPECAO_USB_GIT\datasets\NAPLES_BLACK_AUG200\OK\AUG_OK_0196_from_NAPLES_BLACK_20260706_113037_306913_OK.jpg
train,OK,0,NAPLES_BLACK_20260706_114843_531537_OK.jpg,C:\SVC_INSPECAO_USB_GIT\datasets\NAPLES_BLACK_AUG200\OK\NAPLES_BLACK_20260706_114843_531537_OK.jpg
train,OK,0,NAPLES_BLACK_20260706_104124_017166_OK.jpg,C:\SVC_INSPECAO_USB_GIT\datasets\NAPLES_BLACK_AUG200\OK\NAPLES_BLACK_20260706_104124_017166_OK.jpg
train,OK,0,NAPLES_BLACK_20260706_104113_730870_OK.jpg,C:\SVC_INSPECAO_USB_GIT\datasets\NAPLES_BLACK_AUG200\OK\NAPLES_BLACK_20260706_104113_730870_OK.jpg
train,OK,0,NAPLES_BLACK_20260706_105844_422017_OK.jpg,C:\SVC_INSPECAO_USB_GIT\datasets\NAPLES_BLACK_AUG200\OK\NAPLES_BLACK_20260706_105844_422017_OK.jpg
train,OK,0,NAPLES_BLACK_20260706_105045_676038_OK.jpg,C:\SVC_INSPECAO_USB_GIT\datasets\NAPLES_BLACK_AUG200\OK\NAPLES_BLACK_20260706_105045_676038_OK.jpg
train,OK,0,NAPLES_BLACK_20260707_070312_105093_OK.jpg,C:\SVC_INSPECAO_USB_GIT\datasets\NAPLES_BLACK_AUG200\OK\NAPLES_BLACK_20260707_070312_105093_OK.jpg
train,OK,0,NAPLES_BLACK_20260706_105917_131487_OK.jpg,C:\SVC_INSPECAO_USB_GIT\datasets\NAPLES_BLACK_AUG200\OK\NAPLES_BLACK_20260706_105917_131487_OK.jpg
train,OK,0,NAPLES_BLACK_20260706_113045_117442_OK.jpg,C:\SVC_INSPECAO_USB_GIT\datasets\NAPLES_BLACK_AUG200\OK\NAPLES_BLACK_20260706_113045_117442_OK.jpg
train,OK,0,NAPLES_BLACK_20260706_104931_964484_OK.jpg,C:\SVC_INSPECAO_USB_GIT\datasets\NAPLES_BLACK_AUG200\OK\NAPLES_BLACK_20260706_104931_964484_OK.jpg
train,OK,0,NAPLES_BLACK_20260706_083741_007939_OK.jpg,C:\SVC_INSPECAO_USB_GIT\datasets\NAPLES_BLACK_AUG200\OK\NAPLES_BLACK_20260706_083741_007939_OK.jpg
train,OK,0,NAPLES_BLACK_20260706_085636_515232_OK.jpg,C:\SVC_INSPECAO_USB_GIT\datasets\NAPLES_BLACK_AUG200\OK\NAPLES_BLACK_20260706_085636_515232_OK.jpg
train,OK,0,NAPLES_BLACK_20260706_111825_457378_OK.jpg,C:\SVC_INSPECAO_USB_GIT\datasets\NAPLES_BLACK_AUG200\OK\NAPLES_BLACK_20260706_111825_457378_OK.jpg
train,OK,0,NAPLES_BLACK_20260706_105959_345929_OK.jpg,C:\SVC_INSPECAO_USB_GIT\datasets\NAPLES_BLACK_AUG200\OK\NAPLES_BLACK_20260706_105959_345929_OK.jpg
train,OK,0,NAPLES_BLACK_20260706_110859_129304_OK.jpg,C:\SVC_INSPECAO_USB_GIT\datasets\NAPLES_BLACK_AUG200\OK\NAPLES_BLACK_20260706_110859_129304_OK.jpg
train,OK,0,NAPLES_BLACK_20260706_105854_135498_OK.jpg,C:\SVC_INSPECAO_USB_GIT\datasets\NAPLES_BLACK_AUG200\OK\NAPLES_BLACK_20260706_105854_135498_OK.jpg
train,OK,0,NAPLES_BLACK_20260706_105716_676227_OK.jpg,C:\SVC_INSPECAO_USB_GIT\datasets\NAPLES_BLACK_AUG200\OK\NAPLES_BLACK_20260706_105716_676227_OK.jpg
train,OK,0,AUG_OK_0188_from_NAPLES_BLACK_20260706_095109_387819_OK.jpg,C:\SVC_INSPECAO_USB_GIT\datasets\NAPLES_BLACK_AUG200\OK\AUG_OK_0188_from_NAPLES_BLACK_20260706_095109_387819_OK.jpg
train,OK,0,NAPLES_BLACK_20260706_095251_421135_OK.jpg,C:\SVC_INSPECAO_USB_GIT\datasets\NAPLES_BLACK_AUG200\OK\NAPLES_BLACK_20260706_095251_421135_OK.jpg
train,OK,0,NAPLES_BLACK_20260706_095204_792710_OK.jpg,C:\SVC_INSPECAO_USB_GIT\datasets\NAPLES_BLACK_AUG200\OK\NAPLES_BLACK_20260706_095204_792710_OK.jpg
train,OK,0,AUG_OK_0176_from_NAPLES_BLACK_20260706_104113_730870_OK.jpg,C:\SVC_INSPECAO_USB_GIT\datasets\NAPLES_BLACK_AUG200\OK\AUG_OK_0176_from_NAPLES_BLACK_20260706_104113_730870_OK.jpg
train,OK,0,NAPLES_BLACK_20260706_095302_262153_OK.jpg,C:\SVC_INSPECAO_USB_GIT\datasets\NAPLES_BLACK_AUG200\OK\NAPLES_BLACK_20260706_095302_262153_OK.jpg
train,OK,0,NAPLES_BLACK_20260706_111652_298565_OK.jpg,C:\SVC_INSPECAO_USB_GIT\datasets\NAPLES_BLACK_AUG200\OK\NAPLES_BLACK_20260706_111652_298565_OK.jpg
train,OK,0,NAPLES_BLACK_20260706_104921_674367_OK.jpg,C:\SVC_INSPECAO_USB_GIT\datasets\NAPLES_BLACK_AUG200\OK\NAPLES_BLACK_20260706_104921_674367_OK.jpg
train,OK,0,NAPLES_BLACK_20260706_101940_422573_OK.jpg,C:\SVC_INSPECAO_USB_GIT\datasets\NAPLES_BLACK_AUG200\OK\NAPLES_BLACK_20260706_101940_422573_OK.jpg
train,OK,0,NAPLES_BLACK_20260706_094930_934523_OK.jpg,C:\SVC_INSPECAO_USB_GIT\datasets\NAPLES_BLACK_AUG200\OK\NAPLES_BLACK_20260706_094930_934523_OK.jpg
train,OK,0,NAPLES_BLACK_20260706_085737_535799_OK.jpg,C:\SVC_INSPECAO_USB_GIT\datasets\NAPLES_BLACK_AUG200\OK\NAPLES_BLACK_20260706_085737_535799_OK.jpg
train,OK,0,NAPLES_BLACK_20260706_103928_990108_OK.jpg,C:\SVC_INSPECAO_USB_GIT\datasets\NAPLES_BLACK_AUG200\OK\NAPLES_BLACK_20260706_103928_990108_OK.jpg
train,OK,0,NAPLES_BLACK_20260706_104022_279953_OK.jpg,C:\SVC_INSPECAO_USB_GIT\datasets\NAPLES_BLACK_AUG200\OK\NAPLES_BLACK_20260706_104022_279953_OK.jpg
train,OK,0,NAPLES_BLACK_20260706_085046_846115_OK.jpg,C:\SVC_INSPECAO_USB_GIT\datasets\NAPLES_BLACK_AUG200\OK\NAPLES_BLACK_20260706_085046_846115_OK.jpg
train,OK,0,NAPLES_BLACK_20260706_104012_345519_OK.jpg,C:\SVC_INSPECAO_USB_GIT\datasets\NAPLES_BLACK_AUG200\OK\NAPLES_BLACK_20260706_104012_345519_OK.jpg
train,OK,0,NAPLES_BLACK_20260706_104849_562497_OK.jpg,C:\SVC_INSPECAO_USB_GIT\datasets\NAPLES_BLACK_AUG200\OK\NAPLES_BLACK_20260706_104849_562497_OK.jpg
train,OK,0,NAPLES_BLACK_20260707_070323_953721_OK.jpg,C:\SVC_INSPECAO_USB_GIT\datasets\NAPLES_BLACK_AUG200\OK\NAPLES_BLACK_20260707_070323_953721_OK.jpg
train,OK,0,NAPLES_BLACK_20260706_111028_580784_OK.jpg,C:\SVC_INSPECAO_USB_GIT\datasets\NAPLES_BLACK_AUG200\OK\NAPLES_BLACK_20260706_111028_580784_OK.jpg
train,OK,0,AUG_OK_0192_from_NAPLES_BLACK_20260706_104727_219992_OK.jpg,C:\SVC_INSPECAO_USB_GIT\datasets\NAPLES_BLACK_AUG200\OK\AUG_OK_0192_from_NAPLES_BLACK_20260706_104727_219992_OK.jpg
train,OK,0,NAPLES_BLACK_20260706_113127_429577_OK.jpg,C:\SVC_INSPECAO_USB_GIT\datasets\NAPLES_BLACK_AUG200\OK\NAPLES_BLACK_20260706_113127_429577_OK.jpg
train,OK,0,NAPLES_BLACK_20260706_110837_742810_OK.jpg,C:\SVC_INSPECAO_USB_GIT\datasets\NAPLES_BLACK_AUG200\OK\NAPLES_BLACK_20260706_110837_742810_OK.jpg
train,OK,0,NAPLES_BLACK_20260706_095109_387819_OK.jpg,C:\SVC_INSPECAO_USB_GIT\datasets\NAPLES_BLACK_AUG200\OK\NAPLES_BLACK_20260706_095109_387819_OK.jpg
train,OK,0,NAPLES_BLACK_20260706_085833_398774_OK.jpg,C:\SVC_INSPECAO_USB_GIT\datasets\NAPLES_BLACK_AUG200\OK\NAPLES_BLACK_20260706_085833_398774_OK.jpg
train,OK,0,NAPLES_BLACK_20260706_110935_837359_OK.jpg,C:\SVC_INSPECAO_USB_GIT\datasets\NAPLES_BLACK_AUG200\OK\NAPLES_BLACK_20260706_110935_837359_OK.jpg
train,OK,0,AUG_OK_0184_from_NAPLES_BLACK_20260706_104931_964484_OK.jpg,C:\SVC_INSPECAO_USB_GIT\datasets\NAPLES_BLACK_AUG200\OK\AUG_OK_0184_from_NAPLES_BLACK_20260706_104931_964484_OK.jpg
train,OK,0,NAPLES_BLACK_20260706_085646_920312_OK.jpg,C:\SVC_INSPECAO_USB_GIT\datasets\NAPLES_BLACK_AUG200\OK\NAPLES_BLACK_20260706_085646_920312_OK.jpg
train,OK,0,NAPLES_BLACK_20260706_103951_708263_OK.jpg,C:\SVC_INSPECAO_USB_GIT\datasets\NAPLES_BLACK_AUG200\OK\NAPLES_BLACK_20260706_103951_708263_OK.jpg
train,OK,0,NAPLES_BLACK_20260706_095120_406410_OK.jpg,C:\SVC_INSPECAO_USB_GIT\datasets\NAPLES_BLACK_AUG200\OK\NAPLES_BLACK_20260706_095120_406410_OK.jpg
train,OK,0,NAPLES_BLACK_20260706_110032_847040_OK.jpg,C:\SVC_INSPECAO_USB_GIT\datasets\NAPLES_BLACK_AUG200\OK\NAPLES_BLACK_20260706_110032_847040_OK.jpg
train,OK,0,AUG_OK_0187_from_NAPLES_BLACK_20260706_111046_976697_OK.jpg,C:\SVC_INSPECAO_USB_GIT\datasets\NAPLES_BLACK_AUG200\OK\AUG_OK_0187_from_NAPLES_BLACK_20260706_111046_976697_OK.jpg
train,OK,0,NAPLES_BLACK_20260706_104044_560656_OK.jpg,C:\SVC_INSPECAO_USB_GIT\datasets\NAPLES_BLACK_AUG200\OK\NAPLES_BLACK_20260706_104044_560656_OK.jpg
train,OK,0,AUG_OK_0198_from_NAPLES_BLACK_20260706_095336_687839_OK.jpg,C:\SVC_INSPECAO_USB_GIT\datasets\NAPLES_BLACK_AUG200\OK\AUG_OK_0198_from_NAPLES_BLACK_20260706_095336_687839_OK.jpg
train,OK,0,NAPLES_BLACK_20260706_105949_012342_OK.jpg,C:\SVC_INSPECAO_USB_GIT\datasets\NAPLES_BLACK_AUG200\OK\NAPLES_BLACK_20260706_105949_012342_OK.jpg
train,OK,0,NAPLES_BLACK_20260706_104903_583837_OK.jpg,C:\SVC_INSPECAO_USB_GIT\datasets\NAPLES_BLACK_AUG200\OK\NAPLES_BLACK_20260706_104903_583837_OK.jpg
train,OK,0,AUG_OK_0178_from_NAPLES_BLACK_20260706_095324_159254_OK.jpg,C:\SVC_INSPECAO_USB_GIT\datasets\NAPLES_BLACK_AUG200\OK\AUG_OK_0178_from_NAPLES_BLACK_20260706_095324_159254_OK.jpg
train,OK,0,NAPLES_BLACK_20260706_094918_113215_OK.jpg,C:\SVC_INSPECAO_USB_GIT\datasets\NAPLES_BLACK_AUG200\OK\NAPLES_BLACK_20260706_094918_113215_OK.jpg
train,OK,0,NAPLES_BLACK_20260706_101930_986725_OK.jpg,C:\SVC_INSPECAO_USB_GIT\datasets\NAPLES_BLACK_AUG200\OK\NAPLES_BLACK_20260706_101930_986725_OK.jpg
train,OK,0,NAPLES_BLACK_20260706_103940_176996_OK.jpg,C:\SVC_INSPECAO_USB_GIT\datasets\NAPLES_BLACK_AUG200\OK\NAPLES_BLACK_20260706_103940_176996_OK.jpg
train,OK,0,AUG_OK_0191_from_NAPLES_BLACK_20260706_085709_670207_OK.jpg,C:\SVC_INSPECAO_USB_GIT\datasets\NAPLES_BLACK_AUG200\OK\AUG_OK_0191_from_NAPLES_BLACK_20260706_085709_670207_OK.jpg
train,OK,0,NAPLES_BLACK_20260706_104103_643410_OK.jpg,C:\SVC_INSPECAO_USB_GIT\datasets\NAPLES_BLACK_AUG200\OK\NAPLES_BLACK_20260706_104103_643410_OK.jpg
train,OK,0,NAPLES_BLACK_20260706_114829_005265_OK.jpg,C:\SVC_INSPECAO_USB_GIT\datasets\NAPLES_BLACK_AUG200\OK\NAPLES_BLACK_20260706_114829_005265_OK.jpg
train,OK,0,NAPLES_BLACK_20260707_070013_264219_OK.jpg,C:\SVC_INSPECAO_USB_GIT\datasets\NAPLES_BLACK_AUG200\OK\NAPLES_BLACK_20260707_070013_264219_OK.jpg
train,OK,0,NAPLES_BLACK_20260706_095344_113354_OK.jpg,C:\SVC_INSPECAO_USB_GIT\datasets\NAPLES_BLACK_AUG200\OK\NAPLES_BLACK_20260706_095344_113354_OK.jpg
train,OK,0,NAPLES_BLACK_20260706_114804_132241_OK.jpg,C:\SVC_INSPECAO_USB_GIT\datasets\NAPLES_BLACK_AUG200\OK\NAPLES_BLACK_20260706_114804_132241_OK.jpg
train,OK,0,NAPLES_BLACK_20260706_085004_382165_OK.jpg,C:\SVC_INSPECAO_USB_GIT\datasets\NAPLES_BLACK_AUG200\OK\NAPLES_BLACK_20260706_085004_382165_OK.jpg
train,OK,0,NAPLES_BLACK_20260706_111811_825013_OK.jpg,C:\SVC_INSPECAO_USB_GIT\datasets\NAPLES_BLACK_AUG200\OK\NAPLES_BLACK_20260706_111811_825013_OK.jpg
train,OK,0,NAPLES_BLACK_20260706_101921_419887_OK.jpg,C:\SVC_INSPECAO_USB_GIT\datasets\NAPLES_BLACK_AUG200\OK\NAPLES_BLACK_20260706_101921_419887_OK.jpg
train,OK,0,NAPLES_BLACK_20260706_114909_365679_OK.jpg,C:\SVC_INSPECAO_USB_GIT\datasets\NAPLES_BLACK_AUG200\OK\NAPLES_BLACK_20260706_114909_365679_OK.jpg
train,OK,0,NAPLES_BLACK_20260706_085017_073411_OK.jpg,C:\SVC_INSPECAO_USB_GIT\datasets\NAPLES_BLACK_AUG200\OK\NAPLES_BLACK_20260706_085017_073411_OK.jpg
train,OK,0,AUG_OK_0168_from_NAPLES_BLACK_20260706_104012_345519_OK.jpg,C:\SVC_INSPECAO_USB_GIT\datasets\NAPLES_BLACK_AUG200\OK\AUG_OK_0168_from_NAPLES_BLACK_20260706_104012_345519_OK.jpg
train,OK,0,NAPLES_BLACK_20260706_095038_248671_OK.jpg,C:\SVC_INSPECAO_USB_GIT\datasets\NAPLES_BLACK_AUG200\OK\NAPLES_BLACK_20260706_095038_248671_OK.jpg
train,OK,0,NAPLES_BLACK_20260706_110909_857812_OK.jpg,C:\SVC_INSPECAO_USB_GIT\datasets\NAPLES_BLACK_AUG200\OK\NAPLES_BLACK_20260706_110909_857812_OK.jpg
train,OK,0,NAPLES_BLACK_20260706_104825_902974_OK.jpg,C:\SVC_INSPECAO_USB_GIT\datasets\NAPLES_BLACK_AUG200\OK\NAPLES_BLACK_20260706_104825_902974_OK.jpg
train,OK,0,NAPLES_BLACK_20260706_085811_805395_OK.jpg,C:\SVC_INSPECAO_USB_GIT\datasets\NAPLES_BLACK_AUG200\OK\NAPLES_BLACK_20260706_085811_805395_OK.jpg
train,OK,0,NAPLES_BLACK_20260706_104656_115832_OK.jpg,C:\SVC_INSPECAO_USB_GIT\datasets\NAPLES_BLACK_AUG200\OK\NAPLES_BLACK_20260706_104656_115832_OK.jpg
train,OK,0,NAPLES_BLACK_20260707_070045_872663_OK.jpg,C:\SVC_INSPECAO_USB_GIT\datasets\NAPLES_BLACK_AUG200\OK\NAPLES_BLACK_20260707_070045_872663_OK.jpg
train,OK,0,NAPLES_BLACK_20260706_111727_606974_OK.jpg,C:\SVC_INSPECAO_USB_GIT\datasets\NAPLES_BLACK_AUG200\OK\NAPLES_BLACK_20260706_111727_606974_OK.jpg
train,OK,0,NAPLES_BLACK_20260706_085658_640641_OK.jpg,C:\SVC_INSPECAO_USB_GIT\datasets\NAPLES_BLACK_AUG200\OK\NAPLES_BLACK_20260706_085658_640641_OK.jpg
train,OK,0,NAPLES_BLACK_20260706_110740_533429_OK.jpg,C:\SVC_INSPECAO_USB_GIT\datasets\NAPLES_BLACK_AUG200\OK\NAPLES_BLACK_20260706_110740_533429_OK.jpg
train,OK,0,NAPLES_BLACK_20260707_070300_983530_OK.jpg,C:\SVC_INSPECAO_USB_GIT\datasets\NAPLES_BLACK_AUG200\OK\NAPLES_BLACK_20260707_070300_983530_OK.jpg
train,OK,0,NAPLES_BLACK_20260706_110955_685595_OK.jpg,C:\SVC_INSPECAO_USB_GIT\datasets\NAPLES_BLACK_AUG200\OK\NAPLES_BLACK_20260706_110955_685595_OK.jpg
train,OK,0,NAPLES_BLACK_20260706_105753_500880_OK.jpg,C:\SVC_INSPECAO_USB_GIT\datasets\NAPLES_BLACK_AUG200\OK\NAPLES_BLACK_20260706_105753_500880_OK.jpg
train,OK,0,NAPLES_BLACK_20260706_085842_546825_OK.jpg,C:\SVC_INSPECAO_USB_GIT\datasets\NAPLES_BLACK_AUG200\OK\NAPLES_BLACK_20260706_085842_546825_OK.jpg
train,OK,0,NAPLES_BLACK_20260706_085800_999586_OK.jpg,C:\SVC_INSPECAO_USB_GIT\datasets\NAPLES_BLACK_AUG200\OK\NAPLES_BLACK_20260706_085800_999586_OK.jpg
train,OK,0,AUG_OK_0190_from_NAPLES_BLACK_20260706_104825_902974_OK.jpg,C:\SVC_INSPECAO_USB_GIT\datasets\NAPLES_BLACK_AUG200\OK\AUG_OK_0190_from_NAPLES_BLACK_20260706_104825_902974_OK.jpg
train,OK,0,AUG_OK_0174_from_NAPLES_BLACK_20260707_070312_105093_OK.jpg,C:\SVC_INSPECAO_USB_GIT\datasets\NAPLES_BLACK_AUG200\OK\AUG_OK_0174_from_NAPLES_BLACK_20260707_070312_105093_OK.jpg
train,OK,0,AUG_OK_0175_from_NAPLES_BLACK_20260706_111652_298565_OK.jpg,C:\SVC_INSPECAO_USB_GIT\datasets\NAPLES_BLACK_AUG200\OK\AUG_OK_0175_from_NAPLES_BLACK_20260706_111652_298565_OK.jpg
train,OK,0,NAPLES_BLACK_20260706_104705_914803_OK.jpg,C:\SVC_INSPECAO_USB_GIT\datasets\NAPLES_BLACK_AUG200\OK\NAPLES_BLACK_20260706_104705_914803_OK.jpg
train,OK,0,NAPLES_BLACK_20260706_110922_297563_OK.jpg,C:\SVC_INSPECAO_USB_GIT\datasets\NAPLES_BLACK_AUG200\OK\NAPLES_BLACK_20260706_110922_297563_OK.jpg
train,OK,0,AUG_OK_0189_from_NAPLES_BLACK_20260706_085136_049310_OK.jpg,C:\SVC_INSPECAO_USB_GIT\datasets\NAPLES_BLACK_AUG200\OK\AUG_OK_0189_from_NAPLES_BLACK_20260706_085136_049310_OK.jpg
train,OK,0,NAPLES_BLACK_20260706_110008_491529_OK.jpg,C:\SVC_INSPECAO_USB_GIT\datasets\NAPLES_BLACK_AUG200\OK\NAPLES_BLACK_20260706_110008_491529_OK.jpg
train,OK,0,NAPLES_BLACK_20260706_111910_886101_OK.jpg,C:\SVC_INSPECAO_USB_GIT\datasets\NAPLES_BLACK_AUG200\OK\NAPLES_BLACK_20260706_111910_886101_OK.jpg
train,OK,0,AUG_OK_0193_from_NAPLES_BLACK_20260706_104144_251033_OK.jpg,C:\SVC_INSPECAO_USB_GIT\datasets\NAPLES_BLACK_AUG200\OK\AUG_OK_0193_from_NAPLES_BLACK_20260706_104144_251033_OK.jpg
train,OK,0,NAPLES_BLACK_20260706_115010_947454_OK.jpg,C:\SVC_INSPECAO_USB_GIT\datasets\NAPLES_BLACK_AUG200\OK\NAPLES_BLACK_20260706_115010_947454_OK.jpg
train,OK,0,NAPLES_BLACK_20260706_084731_344910_OK.jpg,C:\SVC_INSPECAO_USB_GIT\datasets\NAPLES_BLACK_AUG200\OK\NAPLES_BLACK_20260706_084731_344910_OK.jpg
train,OK,0,NAPLES_BLACK_20260706_085825_168312_OK.jpg,C:\SVC_INSPECAO_USB_GIT\datasets\NAPLES_BLACK_AUG200\OK\NAPLES_BLACK_20260706_085825_168312_OK.jpg
train,OK,0,NAPLES_BLACK_20260706_085917_871390_OK.jpg,C:\SVC_INSPECAO_USB_GIT\datasets\NAPLES_BLACK_AUG200\OK\NAPLES_BLACK_20260706_085917_871390_OK.jpg
train,OK,0,NAPLES_BLACK_20260706_095013_313503_OK.jpg,C:\SVC_INSPECAO_USB_GIT\datasets\NAPLES_BLACK_AUG200\OK\NAPLES_BLACK_20260706_095013_313503_OK.jpg
train,OK,0,NAPLES_BLACK_20260706_115022_240926_OK.jpg,C:\SVC_INSPECAO_USB_GIT\datasets\NAPLES_BLACK_AUG200\OK\NAPLES_BLACK_20260706_115022_240926_OK.jpg
train,OK,0,AUG_OK_0173_from_NAPLES_BLACK_20260706_085636_515232_OK.jpg,C:\SVC_INSPECAO_USB_GIT\datasets\NAPLES_BLACK_AUG200\OK\AUG_OK_0173_from_NAPLES_BLACK_20260706_085636_515232_OK.jpg
train,OK,0,AUG_OK_0195_from_NAPLES_BLACK_20260706_095038_248671_OK.jpg,C:\SVC_INSPECAO_USB_GIT\datasets\NAPLES_BLACK_AUG200\OK\AUG_OK_0195_from_NAPLES_BLACK_20260706_095038_248671_OK.jpg
train,OK,0,NAPLES_BLACK_20260706_111642_247531_OK.jpg,C:\SVC_INSPECAO_USB_GIT\datasets\NAPLES_BLACK_AUG200\OK\NAPLES_BLACK_20260706_111642_247531_OK.jpg
val,OK,0,NAPLES_BLACK_20260706_090011_956379_OK.jpg,C:\SVC_INSPECAO_USB_GIT\datasets\NAPLES_BLACK_AUG200\OK\NAPLES_BLACK_20260706_090011_956379_OK.jpg
val,OK,0,NAPLES_BLACK_20260706_114935_430214_OK.jpg,C:\SVC_INSPECAO_USB_GIT\datasets\NAPLES_BLACK_AUG200\OK\NAPLES_BLACK_20260706_114935_430214_OK.jpg
val,OK,0,NAPLES_BLACK_20260706_104144_251033_OK.jpg,C:\SVC_INSPECAO_USB_GIT\datasets\NAPLES_BLACK_AUG200\OK\NAPLES_BLACK_20260706_104144_251033_OK.jpg
val,OK,0,NAPLES_BLACK_20260707_070150_001902_OK.jpg,C:\SVC_INSPECAO_USB_GIT\datasets\NAPLES_BLACK_AUG200\OK\NAPLES_BLACK_20260707_070150_001902_OK.jpg
val,OK,0,NAPLES_BLACK_20260706_104750_635770_OK.jpg,C:\SVC_INSPECAO_USB_GIT\datasets\NAPLES_BLACK_AUG200\OK\NAPLES_BLACK_20260706_104750_635770_OK.jpg
val,OK,0,NAPLES_BLACK_20260706_104943_111809_OK.jpg,C:\SVC_INSPECAO_USB_GIT\datasets\NAPLES_BLACK_AUG200\OK\NAPLES_BLACK_20260706_104943_111809_OK.jpg
val,OK,0,AUG_OK_0180_from_NAPLES_BLACK_20260706_111921_354530_OK.jpg,C:\SVC_INSPECAO_USB_GIT\datasets\NAPLES_BLACK_AUG200\OK\AUG_OK_0180_from_NAPLES_BLACK_20260706_111921_354530_OK.jpg
val,OK,0,AUG_OK_0169_from_NAPLES_BLACK_20260706_110044_213901_OK.jpg,C:\SVC_INSPECAO_USB_GIT\datasets\NAPLES_BLACK_AUG200\OK\AUG_OK_0169_from_NAPLES_BLACK_20260706_110044_213901_OK.jpg
val,OK,0,NAPLES_BLACK_20260706_085940_615537_OK.jpg,C:\SVC_INSPECAO_USB_GIT\datasets\NAPLES_BLACK_AUG200\OK\NAPLES_BLACK_20260706_085940_615537_OK.jpg
val,OK,0,NAPLES_BLACK_20260706_085136_049310_OK.jpg,C:\SVC_INSPECAO_USB_GIT\datasets\NAPLES_BLACK_AUG200\OK\NAPLES_BLACK_20260706_085136_049310_OK.jpg
val,OK,0,NAPLES_BLACK_20260706_105938_706863_OK.jpg,C:\SVC_INSPECAO_USB_GIT\datasets\NAPLES_BLACK_AUG200\OK\NAPLES_BLACK_20260706_105938_706863_OK.jpg
val,OK,0,NAPLES_BLACK_20260706_111837_538011_OK.jpg,C:\SVC_INSPECAO_USB_GIT\datasets\NAPLES_BLACK_AUG200\OK\NAPLES_BLACK_20260706_111837_538011_OK.jpg
val,OK,0,NAPLES_BLACK_20260706_105726_881510_OK.jpg,C:\SVC_INSPECAO_USB_GIT\datasets\NAPLES_BLACK_AUG200\OK\NAPLES_BLACK_20260706_105726_881510_OK.jpg
val,OK,0,NAPLES_BLACK_20260706_095153_530893_OK.jpg,C:\SVC_INSPECAO_USB_GIT\datasets\NAPLES_BLACK_AUG200\OK\NAPLES_BLACK_20260706_095153_530893_OK.jpg
val,OK,0,NAPLES_BLACK_20260706_111046_976697_OK.jpg,C:\SVC_INSPECAO_USB_GIT\datasets\NAPLES_BLACK_AUG200\OK\NAPLES_BLACK_20260706_111046_976697_OK.jpg
val,OK,0,NAPLES_BLACK_20260706_111801_716044_OK.jpg,C:\SVC_INSPECAO_USB_GIT\datasets\NAPLES_BLACK_AUG200\OK\NAPLES_BLACK_20260706_111801_716044_OK.jpg
val,OK,0,NAPLES_BLACK_20260706_085144_457722_OK.jpg,C:\SVC_INSPECAO_USB_GIT\datasets\NAPLES_BLACK_AUG200\OK\NAPLES_BLACK_20260706_085144_457722_OK.jpg
val,OK,0,NAPLES_BLACK_20260706_105811_548787_OK.jpg,C:\SVC_INSPECAO_USB_GIT\datasets\NAPLES_BLACK_AUG200\OK\NAPLES_BLACK_20260706_105811_548787_OK.jpg
val,OK,0,AUG_OK_0197_from_NAPLES_BLACK_20260706_104921_674367_OK.jpg,C:\SVC_INSPECAO_USB_GIT\datasets\NAPLES_BLACK_AUG200\OK\AUG_OK_0197_from_NAPLES_BLACK_20260706_104921_674367_OK.jpg
val,OK,0,AUG_OK_0170_from_NAPLES_BLACK_20260706_111850_213173_OK.jpg,C:\SVC_INSPECAO_USB_GIT\datasets\NAPLES_BLACK_AUG200\OK\AUG_OK_0170_from_NAPLES_BLACK_20260706_111850_213173_OK.jpg
val,OK,0,NAPLES_BLACK_20260706_111057_978491_OK.jpg,C:\SVC_INSPECAO_USB_GIT\datasets\NAPLES_BLACK_AUG200\OK\NAPLES_BLACK_20260706_111057_978491_OK.jpg
val,OK,0,AUG_OK_0182_from_NAPLES_BLACK_20260706_085058_313870_OK.jpg,C:\SVC_INSPECAO_USB_GIT\datasets\NAPLES_BLACK_AUG200\OK\AUG_OK_0182_from_NAPLES_BLACK_20260706_085058_313870_OK.jpg
val,OK,0,NAPLES_BLACK_20260706_085058_313870_OK.jpg,C:\SVC_INSPECAO_USB_GIT\datasets\NAPLES_BLACK_AUG200\OK\NAPLES_BLACK_20260706_085058_313870_OK.jpg
val,OK,0,NAPLES_BLACK_20260706_105703_559514_OK.jpg,C:\SVC_INSPECAO_USB_GIT\datasets\NAPLES_BLACK_AUG200\OK\NAPLES_BLACK_20260706_105703_559514_OK.jpg
val,OK,0,NAPLES_BLACK_20260706_114921_838243_OK.jpg,C:\SVC_INSPECAO_USB_GIT\datasets\NAPLES_BLACK_AUG200\OK\NAPLES_BLACK_20260706_114921_838243_OK.jpg
val,OK,0,NAPLES_BLACK_20260706_111613_138564_OK.jpg,C:\SVC_INSPECAO_USB_GIT\datasets\NAPLES_BLACK_AUG200\OK\NAPLES_BLACK_20260706_111613_138564_OK.jpg
val,OK,0,NAPLES_BLACK_20260706_085627_373509_OK.jpg,C:\SVC_INSPECAO_USB_GIT\datasets\NAPLES_BLACK_AUG200\OK\NAPLES_BLACK_20260706_085627_373509_OK.jpg
val,OK,0,NAPLES_BLACK_20260706_104727_219992_OK.jpg,C:\SVC_INSPECAO_USB_GIT\datasets\NAPLES_BLACK_AUG200\OK\NAPLES_BLACK_20260706_104727_219992_OK.jpg
val,OK,0,AUG_OK_0172_from_NAPLES_BLACK_20260706_085724_829194_OK.jpg,C:\SVC_INSPECAO_USB_GIT\datasets\NAPLES_BLACK_AUG200\OK\AUG_OK_0172_from_NAPLES_BLACK_20260706_085724_829194_OK.jpg
val,OK,0,NAPLES_BLACK_20260707_070210_700297_OK.jpg,C:\SVC_INSPECAO_USB_GIT\datasets\NAPLES_BLACK_AUG200\OK\NAPLES_BLACK_20260707_070210_700297_OK.jpg
val,OK,0,NAPLES_BLACK_20260706_084806_916374_OK.jpg,C:\SVC_INSPECAO_USB_GIT\datasets\NAPLES_BLACK_AUG200\OK\NAPLES_BLACK_20260706_084806_916374_OK.jpg
val,OK,0,NAPLES_BLACK_20260706_105021_582760_OK.jpg,C:\SVC_INSPECAO_USB_GIT\datasets\NAPLES_BLACK_AUG200\OK\NAPLES_BLACK_20260706_105021_582760_OK.jpg
val,OK,0,AUG_OK_0179_from_NAPLES_BLACK_20260706_104803_030381_OK.jpg,C:\SVC_INSPECAO_USB_GIT\datasets\NAPLES_BLACK_AUG200\OK\AUG_OK_0179_from_NAPLES_BLACK_20260706_104803_030381_OK.jpg
val,OK,0,NAPLES_BLACK_20260706_084743_228752_OK.jpg,C:\SVC_INSPECAO_USB_GIT\datasets\NAPLES_BLACK_AUG200\OK\NAPLES_BLACK_20260706_084743_228752_OK.jpg
val,OK,0,NAPLES_BLACK_20260706_110945_752494_OK.jpg,C:\SVC_INSPECAO_USB_GIT\datasets\NAPLES_BLACK_AUG200\OK\NAPLES_BLACK_20260706_110945_752494_OK.jpg
val,OK,0,NAPLES_BLACK_20260706_094940_279687_OK.jpg,C:\SVC_INSPECAO_USB_GIT\datasets\NAPLES_BLACK_AUG200\OK\NAPLES_BLACK_20260706_094940_279687_OK.jpg
val,OK,0,NAPLES_BLACK_20260706_085905_438801_OK.jpg,C:\SVC_INSPECAO_USB_GIT\datasets\NAPLES_BLACK_AUG200\OK\NAPLES_BLACK_20260706_085905_438801_OK.jpg
val,OK,0,NAPLES_BLACK_20260707_070222_017948_OK.jpg,C:\SVC_INSPECAO_USB_GIT\datasets\NAPLES_BLACK_AUG200\OK\NAPLES_BLACK_20260707_070222_017948_OK.jpg
val,OK,0,AUG_OK_0199_from_NAPLES_BLACK_20260706_104633_343711_OK.jpg,C:\SVC_INSPECAO_USB_GIT\datasets\NAPLES_BLACK_AUG200\OK\AUG_OK_0199_from_NAPLES_BLACK_20260706_104633_343711_OK.jpg
val,OK,0,NAPLES_BLACK_20260706_111900_750419_OK.jpg,C:\SVC_INSPECAO_USB_GIT\datasets\NAPLES_BLACK_AUG200\OK\NAPLES_BLACK_20260706_111900_750419_OK.jpg
train,NG_DESALINHADO,1,AUG_NG_DESALINHADO_0055_from_NAPLES_BLACK_20260706_105652_218756_NG_DESALI.jpg,C:\SVC_INSPECAO_USB_GIT\datasets\NAPLES_BLACK_AUG200\NG_DESALINHADO\AUG_NG_DESALINHADO_0055_from_NAPLES_BLACK_20260706_105652_218756_NG_DESALI.jpg
train,NG_DESALINHADO,1,AUG_NG_DESALINHADO_0025_from_NAPLES_BLACK_20260707_072854_829369_NG_DESALI.jpg,C:\SVC_INSPECAO_USB_GIT\datasets\NAPLES_BLACK_AUG200\NG_DESALINHADO\AUG_NG_DESALINHADO_0025_from_NAPLES_BLACK_20260707_072854_829369_NG_DESALI.jpg
train,NG_DESALINHADO,1,AUG_NG_DESALINHADO_0104_from_NAPLES_BLACK_20260706_112832_619270_NG_DESALI.jpg,C:\SVC_INSPECAO_USB_GIT\datasets\NAPLES_BLACK_AUG200\NG_DESALINHADO\AUG_NG_DESALINHADO_0104_from_NAPLES_BLACK_20260706_112832_619270_NG_DESALI.jpg
train,NG_DESALINHADO,1,AUG_NG_DESALINHADO_0089_from_NAPLES_BLACK_20260706_112832_619270_NG_DESALI.jpg,C:\SVC_INSPECAO_USB_GIT\datasets\NAPLES_BLACK_AUG200\NG_DESALINHADO\AUG_NG_DESALINHADO_0089_from_NAPLES_BLACK_20260706_112832_619270_NG_DESALI.jpg
train,NG_DESALINHADO,1,AUG_NG_DESALINHADO_0139_from_NAPLES_BLACK_20260706_111738_993349_NG_DESALI.jpg,C:\SVC_INSPECAO_USB_GIT\datasets\NAPLES_BLACK_AUG200\NG_DESALINHADO\AUG_NG_DESALINHADO_0139_from_NAPLES_BLACK_20260706_111738_993349_NG_DESALI.jpg
train,NG_DESALINHADO,1,AUG_NG_DESALINHADO_0126_from_NAPLES_BLACK_20260706_090026_205842_NG_DESALI.jpg,C:\SVC_INSPECAO_USB_GIT\datasets\NAPLES_BLACK_AUG200\NG_DESALINHADO\AUG_NG_DESALINHADO_0126_from_NAPLES_BLACK_20260706_090026_205842_NG_DESALI.jpg
train,NG_DESALINHADO,1,AUG_NG_DESALINHADO_0052_from_NAPLES_BLACK_20260706_084823_694277_NG_DESALI.jpg,C:\SVC_INSPECAO_USB_GIT\datasets\NAPLES_BLACK_AUG200\NG_DESALINHADO\AUG_NG_DESALINHADO_0052_from_NAPLES_BLACK_20260706_084823_694277_NG_DESALI.jpg
train,NG_DESALINHADO,1,AUG_NG_DESALINHADO_0066_from_NAPLES_BLACK_20260706_090026_205842_NG_DESALI.jpg,C:\SVC_INSPECAO_USB_GIT\datasets\NAPLES_BLACK_AUG200\NG_DESALINHADO\AUG_NG_DESALINHADO_0066_from_NAPLES_BLACK_20260706_090026_205842_NG_DESALI.jpg
train,NG_DESALINHADO,1,AUG_NG_DESALINHADO_0019_from_NAPLES_BLACK_20260707_070029_900132_NG_DESALI.jpg,C:\SVC_INSPECAO_USB_GIT\datasets\NAPLES_BLACK_AUG200\NG_DESALINHADO\AUG_NG_DESALINHADO_0019_from_NAPLES_BLACK_20260707_070029_900132_NG_DESALI.jpg
train,NG_DESALINHADO,1,AUG_NG_DESALINHADO_0083_from_NAPLES_BLACK_20260706_105010_050244_NG_DESALI.jpg,C:\SVC_INSPECAO_USB_GIT\datasets\NAPLES_BLACK_AUG200\NG_DESALINHADO\AUG_NG_DESALINHADO_0083_from_NAPLES_BLACK_20260706_105010_050244_NG_DESALI.jpg
train,NG_DESALINHADO,1,AUG_NG_DESALINHADO_0140_from_NAPLES_BLACK_20260706_105010_050244_NG_DESALI.jpg,C:\SVC_INSPECAO_USB_GIT\datasets\NAPLES_BLACK_AUG200\NG_DESALINHADO\AUG_NG_DESALINHADO_0140_from_NAPLES_BLACK_20260706_105010_050244_NG_DESALI.jpg
train,NG_DESALINHADO,1,AUG_NG_DESALINHADO_0156_from_NAPLES_BLACK_20260707_072919_574042_NG_DESALI.jpg,C:\SVC_INSPECAO_USB_GIT\datasets\NAPLES_BLACK_AUG200\NG_DESALINHADO\AUG_NG_DESALINHADO_0156_from_NAPLES_BLACK_20260707_072919_574042_NG_DESALI.jpg
train,NG_DESALINHADO,1,AUG_NG_DESALINHADO_0082_from_NAPLES_BLACK_20260707_072904_832804_NG_DESALI.jpg,C:\SVC_INSPECAO_USB_GIT\datasets\NAPLES_BLACK_AUG200\NG_DESALINHADO\AUG_NG_DESALINHADO_0082_from_NAPLES_BLACK_20260707_072904_832804_NG_DESALI.jpg
train,NG_DESALINHADO,1,AUG_NG_DESALINHADO_0021_from_NAPLES_BLACK_20260706_105740_826008_NG_DESALI.jpg,C:\SVC_INSPECAO_USB_GIT\datasets\NAPLES_BLACK_AUG200\NG_DESALINHADO\AUG_NG_DESALINHADO_0021_from_NAPLES_BLACK_20260706_105740_826008_NG_DESALI.jpg
train,NG_DESALINHADO,1,AUG_NG_DESALINHADO_0080_from_NAPLES_BLACK_20260707_070029_900132_NG_DESALI.jpg,C:\SVC_INSPECAO_USB_GIT\datasets\NAPLES_BLACK_AUG200\NG_DESALINHADO\AUG_NG_DESALINHADO_0080_from_NAPLES_BLACK_20260707_070029_900132_NG_DESALI.jpg
train,NG_DESALINHADO,1,AUG_NG_DESALINHADO_0075_from_NAPLES_BLACK_20260706_110056_005831_NG_DESALI.jpg,C:\SVC_INSPECAO_USB_GIT\datasets\NAPLES_BLACK_AUG200\NG_DESALINHADO\AUG_NG_DESALINHADO_0075_from_NAPLES_BLACK_20260706_110056_005831_NG_DESALI.jpg
train,NG_DESALINHADO,1,AUG_NG_DESALINHADO_0092_from_NAPLES_BLACK_20260707_070029_900132_NG_DESALI.jpg,C:\SVC_INSPECAO_USB_GIT\datasets\NAPLES_BLACK_AUG200\NG_DESALINHADO\AUG_NG_DESALINHADO_0092_from_NAPLES_BLACK_20260707_070029_900132_NG_DESALI.jpg
train,NG_DESALINHADO,1,AUG_NG_DESALINHADO_0084_from_NAPLES_BLACK_20260706_105652_218756_NG_DESALI.jpg,C:\SVC_INSPECAO_USB_GIT\datasets\NAPLES_BLACK_AUG200\NG_DESALINHADO\AUG_NG_DESALINHADO_0084_from_NAPLES_BLACK_20260706_105652_218756_NG_DESALI.jpg
train,NG_DESALINHADO,1,AUG_NG_DESALINHADO_0116_from_NAPLES_BLACK_20260706_114947_793666_NG_DESALI.jpg,C:\SVC_INSPECAO_USB_GIT\datasets\NAPLES_BLACK_AUG200\NG_DESALINHADO\AUG_NG_DESALINHADO_0116_from_NAPLES_BLACK_20260706_114947_793666_NG_DESALI.jpg
train,NG_DESALINHADO,1,AUG_NG_DESALINHADO_0131_from_NAPLES_BLACK_20260706_105010_050244_NG_DESALI.jpg,C:\SVC_INSPECAO_USB_GIT\datasets\NAPLES_BLACK_AUG200\NG_DESALINHADO\AUG_NG_DESALINHADO_0131_from_NAPLES_BLACK_20260706_105010_050244_NG_DESALI.jpg
train,NG_DESALINHADO,1,AUG_NG_DESALINHADO_0159_from_NAPLES_BLACK_20260706_105652_218756_NG_DESALI.jpg,C:\SVC_INSPECAO_USB_GIT\datasets\NAPLES_BLACK_AUG200\NG_DESALINHADO\AUG_NG_DESALINHADO_0159_from_NAPLES_BLACK_20260706_105652_218756_NG_DESALI.jpg
train,NG_DESALINHADO,1,AUG_NG_DESALINHADO_0085_from_NAPLES_BLACK_20260706_084823_694277_NG_DESALI.jpg,C:\SVC_INSPECAO_USB_GIT\datasets\NAPLES_BLACK_AUG200\NG_DESALINHADO\AUG_NG_DESALINHADO_0085_from_NAPLES_BLACK_20260706_084823_694277_NG_DESALI.jpg
train,NG_DESALINHADO,1,AUG_NG_DESALINHADO_0193_from_NAPLES_BLACK_20260706_105652_218756_NG_DESALI.jpg,C:\SVC_INSPECAO_USB_GIT\datasets\NAPLES_BLACK_AUG200\NG_DESALINHADO\AUG_NG_DESALINHADO_0193_from_NAPLES_BLACK_20260706_105652_218756_NG_DESALI.jpg
train,NG_DESALINHADO,1,AUG_NG_DESALINHADO_0056_from_NAPLES_BLACK_20260706_084823_694277_NG_DESALI.jpg,C:\SVC_INSPECAO_USB_GIT\datasets\NAPLES_BLACK_AUG200\NG_DESALINHADO\AUG_NG_DESALINHADO_0056_from_NAPLES_BLACK_20260706_084823_694277_NG_DESALI.jpg
train,NG_DESALINHADO,1,AUG_NG_DESALINHADO_0148_from_NAPLES_BLACK_20260707_070029_900132_NG_DESALI.jpg,C:\SVC_INSPECAO_USB_GIT\datasets\NAPLES_BLACK_AUG200\NG_DESALINHADO\AUG_NG_DESALINHADO_0148_from_NAPLES_BLACK_20260707_070029_900132_NG_DESALI.jpg
train,NG_DESALINHADO,1,AUG_NG_DESALINHADO_0168_from_NAPLES_BLACK_20260706_110056_005831_NG_DESALI.jpg,C:\SVC_INSPECAO_USB_GIT\datasets\NAPLES_BLACK_AUG200\NG_DESALINHADO\AUG_NG_DESALINHADO_0168_from_NAPLES_BLACK_20260706_110056_005831_NG_DESALI.jpg
train,NG_DESALINHADO,1,AUG_NG_DESALINHADO_0097_from_NAPLES_BLACK_20260707_072854_829369_NG_DESALI.jpg,C:\SVC_INSPECAO_USB_GIT\datasets\NAPLES_BLACK_AUG200\NG_DESALINHADO\AUG_NG_DESALINHADO_0097_from_NAPLES_BLACK_20260707_072854_829369_NG_DESALI.jpg
train,NG_DESALINHADO,1,AUG_NG_DESALINHADO_0040_from_NAPLES_BLACK_20260707_072854_829369_NG_DESALI.jpg,C:\SVC_INSPECAO_USB_GIT\datasets\NAPLES_BLACK_AUG200\NG_DESALINHADO\AUG_NG_DESALINHADO_0040_from_NAPLES_BLACK_20260707_072854_829369_NG_DESALI.jpg
train,NG_DESALINHADO,1,AUG_NG_DESALINHADO_0108_from_NAPLES_BLACK_20260706_114947_793666_NG_DESALI.jpg,C:\SVC_INSPECAO_USB_GIT\datasets\NAPLES_BLACK_AUG200\NG_DESALINHADO\AUG_NG_DESALINHADO_0108_from_NAPLES_BLACK_20260706_114947_793666_NG_DESALI.jpg
train,NG_DESALINHADO,1,AUG_NG_DESALINHADO_0041_from_NAPLES_BLACK_20260707_072919_574042_NG_DESALI.jpg,C:\SVC_INSPECAO_USB_GIT\datasets\NAPLES_BLACK_AUG200\NG_DESALINHADO\AUG_NG_DESALINHADO_0041_from_NAPLES_BLACK_20260707_072919_574042_NG_DESALI.jpg
train,NG_DESALINHADO,1,AUG_NG_DESALINHADO_0024_from_NAPLES_BLACK_20260706_105010_050244_NG_DESALI.jpg,C:\SVC_INSPECAO_USB_GIT\datasets\NAPLES_BLACK_AUG200\NG_DESALINHADO\AUG_NG_DESALINHADO_0024_from_NAPLES_BLACK_20260706_105010_050244_NG_DESALI.jpg
train,NG_DESALINHADO,1,AUG_NG_DESALINHADO_0062_from_NAPLES_BLACK_20260706_112832_619270_NG_DESALI.jpg,C:\SVC_INSPECAO_USB_GIT\datasets\NAPLES_BLACK_AUG200\NG_DESALINHADO\AUG_NG_DESALINHADO_0062_from_NAPLES_BLACK_20260706_112832_619270_NG_DESALI.jpg
train,NG_DESALINHADO,1,AUG_NG_DESALINHADO_0068_from_NAPLES_BLACK_20260706_105652_218756_NG_DESALI.jpg,C:\SVC_INSPECAO_USB_GIT\datasets\NAPLES_BLACK_AUG200\NG_DESALINHADO\AUG_NG_DESALINHADO_0068_from_NAPLES_BLACK_20260706_105652_218756_NG_DESALI.jpg
train,NG_DESALINHADO,1,AUG_NG_DESALINHADO_0187_from_NAPLES_BLACK_20260706_111738_993349_NG_DESALI.jpg,C:\SVC_INSPECAO_USB_GIT\datasets\NAPLES_BLACK_AUG200\NG_DESALINHADO\AUG_NG_DESALINHADO_0187_from_NAPLES_BLACK_20260706_111738_993349_NG_DESALI.jpg
train,NG_DESALINHADO,1,AUG_NG_DESALINHADO_0070_from_NAPLES_BLACK_20260706_095027_055410_NG_DESALI.jpg,C:\SVC_INSPECAO_USB_GIT\datasets\NAPLES_BLACK_AUG200\NG_DESALINHADO\AUG_NG_DESALINHADO_0070_from_NAPLES_BLACK_20260706_095027_055410_NG_DESALI.jpg
train,NG_DESALINHADO,1,AUG_NG_DESALINHADO_0120_from_NAPLES_BLACK_20260706_095027_055410_NG_DESALI.jpg,C:\SVC_INSPECAO_USB_GIT\datasets\NAPLES_BLACK_AUG200\NG_DESALINHADO\AUG_NG_DESALINHADO_0120_from_NAPLES_BLACK_20260706_095027_055410_NG_DESALI.jpg
train,NG_DESALINHADO,1,AUG_NG_DESALINHADO_0124_from_NAPLES_BLACK_20260706_105652_218756_NG_DESALI.jpg,C:\SVC_INSPECAO_USB_GIT\datasets\NAPLES_BLACK_AUG200\NG_DESALINHADO\AUG_NG_DESALINHADO_0124_from_NAPLES_BLACK_20260706_105652_218756_NG_DESALI.jpg
train,NG_DESALINHADO,1,AUG_NG_DESALINHADO_0098_from_NAPLES_BLACK_20260706_105740_826008_NG_DESALI.jpg,C:\SVC_INSPECAO_USB_GIT\datasets\NAPLES_BLACK_AUG200\NG_DESALINHADO\AUG_NG_DESALINHADO_0098_from_NAPLES_BLACK_20260706_105740_826008_NG_DESALI.jpg
train,NG_DESALINHADO,1,NAPLES_BLACK_20260706_084823_694277_NG_DESALINHADO.jpg,C:\SVC_INSPECAO_USB_GIT\datasets\NAPLES_BLACK_AUG200\NG_DESALINHADO\NAPLES_BLACK_20260706_084823_694277_NG_DESALINHADO.jpg
train,NG_DESALINHADO,1,AUG_NG_DESALINHADO_0163_from_NAPLES_BLACK_20260707_072919_574042_NG_DESALI.jpg,C:\SVC_INSPECAO_USB_GIT\datasets\NAPLES_BLACK_AUG200\NG_DESALINHADO\AUG_NG_DESALINHADO_0163_from_NAPLES_BLACK_20260707_072919_574042_NG_DESALI.jpg
train,NG_DESALINHADO,1,AUG_NG_DESALINHADO_0069_from_NAPLES_BLACK_20260706_114947_793666_NG_DESALI.jpg,C:\SVC_INSPECAO_USB_GIT\datasets\NAPLES_BLACK_AUG200\NG_DESALINHADO\AUG_NG_DESALINHADO_0069_from_NAPLES_BLACK_20260706_114947_793666_NG_DESALI.jpg
train,NG_DESALINHADO,1,AUG_NG_DESALINHADO_0179_from_NAPLES_BLACK_20260706_105652_218756_NG_DESALI.jpg,C:\SVC_INSPECAO_USB_GIT\datasets\NAPLES_BLACK_AUG200\NG_DESALINHADO\AUG_NG_DESALINHADO_0179_from_NAPLES_BLACK_20260706_105652_218756_NG_DESALI.jpg
train,NG_DESALINHADO,1,AUG_NG_DESALINHADO_0160_from_NAPLES_BLACK_20260707_071543_507863_NG_DESALI.jpg,C:\SVC_INSPECAO_USB_GIT\datasets\NAPLES_BLACK_AUG200\NG_DESALINHADO\AUG_NG_DESALINHADO_0160_from_NAPLES_BLACK_20260707_071543_507863_NG_DESALI.jpg
train,NG_DESALINHADO,1,AUG_NG_DESALINHADO_0119_from_NAPLES_BLACK_20260707_072854_829369_NG_DESALI.jpg,C:\SVC_INSPECAO_USB_GIT\datasets\NAPLES_BLACK_AUG200\NG_DESALINHADO\AUG_NG_DESALINHADO_0119_from_NAPLES_BLACK_20260707_072854_829369_NG_DESALI.jpg
train,NG_DESALINHADO,1,AUG_NG_DESALINHADO_0133_from_NAPLES_BLACK_20260707_070029_900132_NG_DESALI.jpg,C:\SVC_INSPECAO_USB_GIT\datasets\NAPLES_BLACK_AUG200\NG_DESALINHADO\AUG_NG_DESALINHADO_0133_from_NAPLES_BLACK_20260707_070029_900132_NG_DESALI.jpg
train,NG_DESALINHADO,1,AUG_NG_DESALINHADO_0067_from_NAPLES_BLACK_20260706_105652_218756_NG_DESALI.jpg,C:\SVC_INSPECAO_USB_GIT\datasets\NAPLES_BLACK_AUG200\NG_DESALINHADO\AUG_NG_DESALINHADO_0067_from_NAPLES_BLACK_20260706_105652_218756_NG_DESALI.jpg
train,NG_DESALINHADO,1,AUG_NG_DESALINHADO_0197_from_NAPLES_BLACK_20260706_114947_793666_NG_DESALI.jpg,C:\SVC_INSPECAO_USB_GIT\datasets\NAPLES_BLACK_AUG200\NG_DESALINHADO\AUG_NG_DESALINHADO_0197_from_NAPLES_BLACK_20260706_114947_793666_NG_DESALI.jpg
train,NG_DESALINHADO,1,AUG_NG_DESALINHADO_0076_from_NAPLES_BLACK_20260706_111738_993349_NG_DESALI.jpg,C:\SVC_INSPECAO_USB_GIT\datasets\NAPLES_BLACK_AUG200\NG_DESALINHADO\AUG_NG_DESALINHADO_0076_from_NAPLES_BLACK_20260706_111738_993349_NG_DESALI.jpg
train,NG_DESALINHADO,1,AUG_NG_DESALINHADO_0051_from_NAPLES_BLACK_20260706_114947_793666_NG_DESALI.jpg,C:\SVC_INSPECAO_USB_GIT\datasets\NAPLES_BLACK_AUG200\NG_DESALINHADO\AUG_NG_DESALINHADO_0051_from_NAPLES_BLACK_20260706_114947_793666_NG_DESALI.jpg
train,NG_DESALINHADO,1,AUG_NG_DESALINHADO_0081_from_NAPLES_BLACK_20260706_110056_005831_NG_DESALI.jpg,C:\SVC_INSPECAO_USB_GIT\datasets\NAPLES_BLACK_AUG200\NG_DESALINHADO\AUG_NG_DESALINHADO_0081_from_NAPLES_BLACK_20260706_110056_005831_NG_DESALI.jpg
train,NG_DESALINHADO,1,AUG_NG_DESALINHADO_0123_from_NAPLES_BLACK_20260706_105740_826008_NG_DESALI.jpg,C:\SVC_INSPECAO_USB_GIT\datasets\NAPLES_BLACK_AUG200\NG_DESALINHADO\AUG_NG_DESALINHADO_0123_from_NAPLES_BLACK_20260706_105740_826008_NG_DESALI.jpg
train,NG_DESALINHADO,1,AUG_NG_DESALINHADO_0146_from_NAPLES_BLACK_20260706_105652_218756_NG_DESALI.jpg,C:\SVC_INSPECAO_USB_GIT\datasets\NAPLES_BLACK_AUG200\NG_DESALINHADO\AUG_NG_DESALINHADO_0146_from_NAPLES_BLACK_20260706_105652_218756_NG_DESALI.jpg
train,NG_DESALINHADO,1,AUG_NG_DESALINHADO_0115_from_NAPLES_BLACK_20260706_110056_005831_NG_DESALI.jpg,C:\SVC_INSPECAO_USB_GIT\datasets\NAPLES_BLACK_AUG200\NG_DESALINHADO\AUG_NG_DESALINHADO_0115_from_NAPLES_BLACK_20260706_110056_005831_NG_DESALI.jpg
train,NG_DESALINHADO,1,AUG_NG_DESALINHADO_0061_from_NAPLES_BLACK_20260706_095027_055410_NG_DESALI.jpg,C:\SVC_INSPECAO_USB_GIT\datasets\NAPLES_BLACK_AUG200\NG_DESALINHADO\AUG_NG_DESALINHADO_0061_from_NAPLES_BLACK_20260706_095027_055410_NG_DESALI.jpg
train,NG_DESALINHADO,1,AUG_NG_DESALINHADO_0020_from_NAPLES_BLACK_20260706_112832_619270_NG_DESALI.jpg,C:\SVC_INSPECAO_USB_GIT\datasets\NAPLES_BLACK_AUG200\NG_DESALINHADO\AUG_NG_DESALINHADO_0020_from_NAPLES_BLACK_20260706_112832_619270_NG_DESALI.jpg
train,NG_DESALINHADO,1,AUG_NG_DESALINHADO_0174_from_NAPLES_BLACK_20260706_105740_826008_NG_DESALI.jpg,C:\SVC_INSPECAO_USB_GIT\datasets\NAPLES_BLACK_AUG200\NG_DESALINHADO\AUG_NG_DESALINHADO_0174_from_NAPLES_BLACK_20260706_105740_826008_NG_DESALI.jpg
train,NG_DESALINHADO,1,AUG_NG_DESALINHADO_0162_from_NAPLES_BLACK_20260706_090026_205842_NG_DESALI.jpg,C:\SVC_INSPECAO_USB_GIT\datasets\NAPLES_BLACK_AUG200\NG_DESALINHADO\AUG_NG_DESALINHADO_0162_from_NAPLES_BLACK_20260706_090026_205842_NG_DESALI.jpg
train,NG_DESALINHADO,1,AUG_NG_DESALINHADO_0164_from_NAPLES_BLACK_20260707_070029_900132_NG_DESALI.jpg,C:\SVC_INSPECAO_USB_GIT\datasets\NAPLES_BLACK_AUG200\NG_DESALINHADO\AUG_NG_DESALINHADO_0164_from_NAPLES_BLACK_20260707_070029_900132_NG_DESALI.jpg
train,NG_DESALINHADO,1,AUG_NG_DESALINHADO_0125_from_NAPLES_BLACK_20260706_095027_055410_NG_DESALI.jpg,C:\SVC_INSPECAO_USB_GIT\datasets\NAPLES_BLACK_AUG200\NG_DESALINHADO\AUG_NG_DESALINHADO_0125_from_NAPLES_BLACK_20260706_095027_055410_NG_DESALI.jpg
train,NG_DESALINHADO,1,AUG_NG_DESALINHADO_0018_from_NAPLES_BLACK_20260706_110056_005831_NG_DESALI.jpg,C:\SVC_INSPECAO_USB_GIT\datasets\NAPLES_BLACK_AUG200\NG_DESALINHADO\AUG_NG_DESALINHADO_0018_from_NAPLES_BLACK_20260706_110056_005831_NG_DESALI.jpg
train,NG_DESALINHADO,1,AUG_NG_DESALINHADO_0186_from_NAPLES_BLACK_20260706_105652_218756_NG_DESALI.jpg,C:\SVC_INSPECAO_USB_GIT\datasets\NAPLES_BLACK_AUG200\NG_DESALINHADO\AUG_NG_DESALINHADO_0186_from_NAPLES_BLACK_20260706_105652_218756_NG_DESALI.jpg
train,NG_DESALINHADO,1,NAPLES_BLACK_20260706_095027_055410_NG_DESALINHADO.jpg,C:\SVC_INSPECAO_USB_GIT\datasets\NAPLES_BLACK_AUG200\NG_DESALINHADO\NAPLES_BLACK_20260706_095027_055410_NG_DESALINHADO.jpg
train,NG_DESALINHADO,1,AUG_NG_DESALINHADO_0169_from_NAPLES_BLACK_20260707_072904_832804_NG_DESALI.jpg,C:\SVC_INSPECAO_USB_GIT\datasets\NAPLES_BLACK_AUG200\NG_DESALINHADO\AUG_NG_DESALINHADO_0169_from_NAPLES_BLACK_20260707_072904_832804_NG_DESALI.jpg
train,NG_DESALINHADO,1,AUG_NG_DESALINHADO_0074_from_NAPLES_BLACK_20260706_111738_993349_NG_DESALI.jpg,C:\SVC_INSPECAO_USB_GIT\datasets\NAPLES_BLACK_AUG200\NG_DESALINHADO\AUG_NG_DESALINHADO_0074_from_NAPLES_BLACK_20260706_111738_993349_NG_DESALI.jpg
train,NG_DESALINHADO,1,AUG_NG_DESALINHADO_0072_from_NAPLES_BLACK_20260706_105010_050244_NG_DESALI.jpg,C:\SVC_INSPECAO_USB_GIT\datasets\NAPLES_BLACK_AUG200\NG_DESALINHADO\AUG_NG_DESALINHADO_0072_from_NAPLES_BLACK_20260706_105010_050244_NG_DESALI.jpg
train,NG_DESALINHADO,1,AUG_NG_DESALINHADO_0152_from_NAPLES_BLACK_20260706_084823_694277_NG_DESALI.jpg,C:\SVC_INSPECAO_USB_GIT\datasets\NAPLES_BLACK_AUG200\NG_DESALINHADO\AUG_NG_DESALINHADO_0152_from_NAPLES_BLACK_20260706_084823_694277_NG_DESALI.jpg
train,NG_DESALINHADO,1,AUG_NG_DESALINHADO_0106_from_NAPLES_BLACK_20260707_072919_574042_NG_DESALI.jpg,C:\SVC_INSPECAO_USB_GIT\datasets\NAPLES_BLACK_AUG200\NG_DESALINHADO\AUG_NG_DESALINHADO_0106_from_NAPLES_BLACK_20260707_072919_574042_NG_DESALI.jpg
train,NG_DESALINHADO,1,AUG_NG_DESALINHADO_0031_from_NAPLES_BLACK_20260707_071543_507863_NG_DESALI.jpg,C:\SVC_INSPECAO_USB_GIT\datasets\NAPLES_BLACK_AUG200\NG_DESALINHADO\AUG_NG_DESALINHADO_0031_from_NAPLES_BLACK_20260707_071543_507863_NG_DESALI.jpg
train,NG_DESALINHADO,1,NAPLES_BLACK_20260706_112832_619270_NG_DESALINHADO.jpg,C:\SVC_INSPECAO_USB_GIT\datasets\NAPLES_BLACK_AUG200\NG_DESALINHADO\NAPLES_BLACK_20260706_112832_619270_NG_DESALINHADO.jpg
train,NG_DESALINHADO,1,AUG_NG_DESALINHADO_0121_from_NAPLES_BLACK_20260706_112356_817104_NG_DESALI.jpg,C:\SVC_INSPECAO_USB_GIT\datasets\NAPLES_BLACK_AUG200\NG_DESALINHADO\AUG_NG_DESALINHADO_0121_from_NAPLES_BLACK_20260706_112356_817104_NG_DESALI.jpg
train,NG_DESALINHADO,1,NAPLES_BLACK_20260707_072904_832804_NG_DESALINHADO.jpg,C:\SVC_INSPECAO_USB_GIT\datasets\NAPLES_BLACK_AUG200\NG_DESALINHADO\NAPLES_BLACK_20260707_072904_832804_NG_DESALINHADO.jpg
train,NG_DESALINHADO,1,AUG_NG_DESALINHADO_0167_from_NAPLES_BLACK_20260706_110056_005831_NG_DESALI.jpg,C:\SVC_INSPECAO_USB_GIT\datasets\NAPLES_BLACK_AUG200\NG_DESALINHADO\AUG_NG_DESALINHADO_0167_from_NAPLES_BLACK_20260706_110056_005831_NG_DESALI.jpg
train,NG_DESALINHADO,1,AUG_NG_DESALINHADO_0111_from_NAPLES_BLACK_20260707_071543_507863_NG_DESALI.jpg,C:\SVC_INSPECAO_USB_GIT\datasets\NAPLES_BLACK_AUG200\NG_DESALINHADO\AUG_NG_DESALINHADO_0111_from_NAPLES_BLACK_20260707_071543_507863_NG_DESALI.jpg
train,NG_DESALINHADO,1,AUG_NG_DESALINHADO_0103_from_NAPLES_BLACK_20260707_070029_900132_NG_DESALI.jpg,C:\SVC_INSPECAO_USB_GIT\datasets\NAPLES_BLACK_AUG200\NG_DESALINHADO\AUG_NG_DESALINHADO_0103_from_NAPLES_BLACK_20260707_070029_900132_NG_DESALI.jpg
train,NG_DESALINHADO,1,NAPLES_BLACK_20260706_112356_817104_NG_DESALINHADO.jpg,C:\SVC_INSPECAO_USB_GIT\datasets\NAPLES_BLACK_AUG200\NG_DESALINHADO\NAPLES_BLACK_20260706_112356_817104_NG_DESALINHADO.jpg
train,NG_DESALINHADO,1,AUG_NG_DESALINHADO_0029_from_NAPLES_BLACK_20260707_072904_832804_NG_DESALI.jpg,C:\SVC_INSPECAO_USB_GIT\datasets\NAPLES_BLACK_AUG200\NG_DESALINHADO\AUG_NG_DESALINHADO_0029_from_NAPLES_BLACK_20260707_072904_832804_NG_DESALI.jpg
train,NG_DESALINHADO,1,AUG_NG_DESALINHADO_0100_from_NAPLES_BLACK_20260707_070029_900132_NG_DESALI.jpg,C:\SVC_INSPECAO_USB_GIT\datasets\NAPLES_BLACK_AUG200\NG_DESALINHADO\AUG_NG_DESALINHADO_0100_from_NAPLES_BLACK_20260707_070029_900132_NG_DESALI.jpg
train,NG_DESALINHADO,1,AUG_NG_DESALINHADO_0176_from_NAPLES_BLACK_20260706_084823_694277_NG_DESALI.jpg,C:\SVC_INSPECAO_USB_GIT\datasets\NAPLES_BLACK_AUG200\NG_DESALINHADO\AUG_NG_DESALINHADO_0176_from_NAPLES_BLACK_20260706_084823_694277_NG_DESALI.jpg
train,NG_DESALINHADO,1,AUG_NG_DESALINHADO_0194_from_NAPLES_BLACK_20260706_105010_050244_NG_DESALI.jpg,C:\SVC_INSPECAO_USB_GIT\datasets\NAPLES_BLACK_AUG200\NG_DESALINHADO\AUG_NG_DESALINHADO_0194_from_NAPLES_BLACK_20260706_105010_050244_NG_DESALI.jpg
train,NG_DESALINHADO,1,AUG_NG_DESALINHADO_0028_from_NAPLES_BLACK_20260706_114959_418446_NG_DESALI.jpg,C:\SVC_INSPECAO_USB_GIT\datasets\NAPLES_BLACK_AUG200\NG_DESALINHADO\AUG_NG_DESALINHADO_0028_from_NAPLES_BLACK_20260706_114959_418446_NG_DESALI.jpg
train,NG_DESALINHADO,1,AUG_NG_DESALINHADO_0183_from_NAPLES_BLACK_20260706_114947_793666_NG_DESALI.jpg,C:\SVC_INSPECAO_USB_GIT\datasets\NAPLES_BLACK_AUG200\NG_DESALINHADO\AUG_NG_DESALINHADO_0183_from_NAPLES_BLACK_20260706_114947_793666_NG_DESALI.jpg
train,NG_DESALINHADO,1,AUG_NG_DESALINHADO_0095_from_NAPLES_BLACK_20260706_112356_817104_NG_DESALI.jpg,C:\SVC_INSPECAO_USB_GIT\datasets\NAPLES_BLACK_AUG200\NG_DESALINHADO\AUG_NG_DESALINHADO_0095_from_NAPLES_BLACK_20260706_112356_817104_NG_DESALI.jpg
train,NG_DESALINHADO,1,AUG_NG_DESALINHADO_0071_from_NAPLES_BLACK_20260706_111738_993349_NG_DESALI.jpg,C:\SVC_INSPECAO_USB_GIT\datasets\NAPLES_BLACK_AUG200\NG_DESALINHADO\AUG_NG_DESALINHADO_0071_from_NAPLES_BLACK_20260706_111738_993349_NG_DESALI.jpg
train,NG_DESALINHADO,1,AUG_NG_DESALINHADO_0078_from_NAPLES_BLACK_20260706_105010_050244_NG_DESALI.jpg,C:\SVC_INSPECAO_USB_GIT\datasets\NAPLES_BLACK_AUG200\NG_DESALINHADO\AUG_NG_DESALINHADO_0078_from_NAPLES_BLACK_20260706_105010_050244_NG_DESALI.jpg
train,NG_DESALINHADO,1,AUG_NG_DESALINHADO_0023_from_NAPLES_BLACK_20260706_084823_694277_NG_DESALI.jpg,C:\SVC_INSPECAO_USB_GIT\datasets\NAPLES_BLACK_AUG200\NG_DESALINHADO\AUG_NG_DESALINHADO_0023_from_NAPLES_BLACK_20260706_084823_694277_NG_DESALI.jpg
train,NG_DESALINHADO,1,AUG_NG_DESALINHADO_0073_from_NAPLES_BLACK_20260707_071543_507863_NG_DESALI.jpg,C:\SVC_INSPECAO_USB_GIT\datasets\NAPLES_BLACK_AUG200\NG_DESALINHADO\AUG_NG_DESALINHADO_0073_from_NAPLES_BLACK_20260707_071543_507863_NG_DESALI.jpg
train,NG_DESALINHADO,1,AUG_NG_DESALINHADO_0109_from_NAPLES_BLACK_20260706_112356_817104_NG_DESALI.jpg,C:\SVC_INSPECAO_USB_GIT\datasets\NAPLES_BLACK_AUG200\NG_DESALINHADO\AUG_NG_DESALINHADO_0109_from_NAPLES_BLACK_20260706_112356_817104_NG_DESALI.jpg
train,NG_DESALINHADO,1,AUG_NG_DESALINHADO_0110_from_NAPLES_BLACK_20260706_095027_055410_NG_DESALI.jpg,C:\SVC_INSPECAO_USB_GIT\datasets\NAPLES_BLACK_AUG200\NG_DESALINHADO\AUG_NG_DESALINHADO_0110_from_NAPLES_BLACK_20260706_095027_055410_NG_DESALI.jpg
train,NG_DESALINHADO,1,AUG_NG_DESALINHADO_0185_from_NAPLES_BLACK_20260706_110056_005831_NG_DESALI.jpg,C:\SVC_INSPECAO_USB_GIT\datasets\NAPLES_BLACK_AUG200\NG_DESALINHADO\AUG_NG_DESALINHADO_0185_from_NAPLES_BLACK_20260706_110056_005831_NG_DESALI.jpg
train,NG_DESALINHADO,1,AUG_NG_DESALINHADO_0094_from_NAPLES_BLACK_20260707_072854_829369_NG_DESALI.jpg,C:\SVC_INSPECAO_USB_GIT\datasets\NAPLES_BLACK_AUG200\NG_DESALINHADO\AUG_NG_DESALINHADO_0094_from_NAPLES_BLACK_20260707_072854_829369_NG_DESALI.jpg
train,NG_DESALINHADO,1,AUG_NG_DESALINHADO_0047_from_NAPLES_BLACK_20260706_105010_050244_NG_DESALI.jpg,C:\SVC_INSPECAO_USB_GIT\datasets\NAPLES_BLACK_AUG200\NG_DESALINHADO\AUG_NG_DESALINHADO_0047_from_NAPLES_BLACK_20260706_105010_050244_NG_DESALI.jpg
train,NG_DESALINHADO,1,AUG_NG_DESALINHADO_0036_from_NAPLES_BLACK_20260707_072919_574042_NG_DESALI.jpg,C:\SVC_INSPECAO_USB_GIT\datasets\NAPLES_BLACK_AUG200\NG_DESALINHADO\AUG_NG_DESALINHADO_0036_from_NAPLES_BLACK_20260707_072919_574042_NG_DESALI.jpg
train,NG_DESALINHADO,1,AUG_NG_DESALINHADO_0172_from_NAPLES_BLACK_20260706_095027_055410_NG_DESALI.jpg,C:\SVC_INSPECAO_USB_GIT\datasets\NAPLES_BLACK_AUG200\NG_DESALINHADO\AUG_NG_DESALINHADO_0172_from_NAPLES_BLACK_20260706_095027_055410_NG_DESALI.jpg
train,NG_DESALINHADO,1,NAPLES_BLACK_20260706_114947_793666_NG_DESALINHADO.jpg,C:\SVC_INSPECAO_USB_GIT\datasets\NAPLES_BLACK_AUG200\NG_DESALINHADO\NAPLES_BLACK_20260706_114947_793666_NG_DESALINHADO.jpg
train,NG_DESALINHADO,1,AUG_NG_DESALINHADO_0086_from_NAPLES_BLACK_20260707_070029_900132_NG_DESALI.jpg,C:\SVC_INSPECAO_USB_GIT\datasets\NAPLES_BLACK_AUG200\NG_DESALINHADO\AUG_NG_DESALINHADO_0086_from_NAPLES_BLACK_20260707_070029_900132_NG_DESALI.jpg
train,NG_DESALINHADO,1,AUG_NG_DESALINHADO_0175_from_NAPLES_BLACK_20260706_111738_993349_NG_DESALI.jpg,C:\SVC_INSPECAO_USB_GIT\datasets\NAPLES_BLACK_AUG200\NG_DESALINHADO\AUG_NG_DESALINHADO_0175_from_NAPLES_BLACK_20260706_111738_993349_NG_DESALI.jpg
train,NG_DESALINHADO,1,AUG_NG_DESALINHADO_0099_from_NAPLES_BLACK_20260707_070029_900132_NG_DESALI.jpg,C:\SVC_INSPECAO_USB_GIT\datasets\NAPLES_BLACK_AUG200\NG_DESALINHADO\AUG_NG_DESALINHADO_0099_from_NAPLES_BLACK_20260707_070029_900132_NG_DESALI.jpg
train,NG_DESALINHADO,1,AUG_NG_DESALINHADO_0038_from_NAPLES_BLACK_20260706_112356_817104_NG_DESALI.jpg,C:\SVC_INSPECAO_USB_GIT\datasets\NAPLES_BLACK_AUG200\NG_DESALINHADO\AUG_NG_DESALINHADO_0038_from_NAPLES_BLACK_20260706_112356_817104_NG_DESALI.jpg
train,NG_DESALINHADO,1,AUG_NG_DESALINHADO_0184_from_NAPLES_BLACK_20260706_112356_817104_NG_DESALI.jpg,C:\SVC_INSPECAO_USB_GIT\datasets\NAPLES_BLACK_AUG200\NG_DESALINHADO\AUG_NG_DESALINHADO_0184_from_NAPLES_BLACK_20260706_112356_817104_NG_DESALI.jpg
train,NG_DESALINHADO,1,AUG_NG_DESALINHADO_0182_from_NAPLES_BLACK_20260706_112832_619270_NG_DESALI.jpg,C:\SVC_INSPECAO_USB_GIT\datasets\NAPLES_BLACK_AUG200\NG_DESALINHADO\AUG_NG_DESALINHADO_0182_from_NAPLES_BLACK_20260706_112832_619270_NG_DESALI.jpg
train,NG_DESALINHADO,1,AUG_NG_DESALINHADO_0130_from_NAPLES_BLACK_20260707_072904_832804_NG_DESALI.jpg,C:\SVC_INSPECAO_USB_GIT\datasets\NAPLES_BLACK_AUG200\NG_DESALINHADO\AUG_NG_DESALINHADO_0130_from_NAPLES_BLACK_20260707_072904_832804_NG_DESALI.jpg
train,NG_DESALINHADO,1,AUG_NG_DESALINHADO_0153_from_NAPLES_BLACK_20260706_105010_050244_NG_DESALI.jpg,C:\SVC_INSPECAO_USB_GIT\datasets\NAPLES_BLACK_AUG200\NG_DESALINHADO\AUG_NG_DESALINHADO_0153_from_NAPLES_BLACK_20260706_105010_050244_NG_DESALI.jpg
train,NG_DESALINHADO,1,AUG_NG_DESALINHADO_0161_from_NAPLES_BLACK_20260706_084823_694277_NG_DESALI.jpg,C:\SVC_INSPECAO_USB_GIT\datasets\NAPLES_BLACK_AUG200\NG_DESALINHADO\AUG_NG_DESALINHADO_0161_from_NAPLES_BLACK_20260706_084823_694277_NG_DESALI.jpg
train,NG_DESALINHADO,1,AUG_NG_DESALINHADO_0102_from_NAPLES_BLACK_20260706_105652_218756_NG_DESALI.jpg,C:\SVC_INSPECAO_USB_GIT\datasets\NAPLES_BLACK_AUG200\NG_DESALINHADO\AUG_NG_DESALINHADO_0102_from_NAPLES_BLACK_20260706_105652_218756_NG_DESALI.jpg
train,NG_DESALINHADO,1,AUG_NG_DESALINHADO_0135_from_NAPLES_BLACK_20260706_112356_817104_NG_DESALI.jpg,C:\SVC_INSPECAO_USB_GIT\datasets\NAPLES_BLACK_AUG200\NG_DESALINHADO\AUG_NG_DESALINHADO_0135_from_NAPLES_BLACK_20260706_112356_817104_NG_DESALI.jpg
train,NG_DESALINHADO,1,AUG_NG_DESALINHADO_0188_from_NAPLES_BLACK_20260706_110056_005831_NG_DESALI.jpg,C:\SVC_INSPECAO_USB_GIT\datasets\NAPLES_BLACK_AUG200\NG_DESALINHADO\AUG_NG_DESALINHADO_0188_from_NAPLES_BLACK_20260706_110056_005831_NG_DESALI.jpg
train,NG_DESALINHADO,1,NAPLES_BLACK_20260706_105740_826008_NG_DESALINHADO.jpg,C:\SVC_INSPECAO_USB_GIT\datasets\NAPLES_BLACK_AUG200\NG_DESALINHADO\NAPLES_BLACK_20260706_105740_826008_NG_DESALINHADO.jpg
train,NG_DESALINHADO,1,AUG_NG_DESALINHADO_0044_from_NAPLES_BLACK_20260707_071543_507863_NG_DESALI.jpg,C:\SVC_INSPECAO_USB_GIT\datasets\NAPLES_BLACK_AUG200\NG_DESALINHADO\AUG_NG_DESALINHADO_0044_from_NAPLES_BLACK_20260707_071543_507863_NG_DESALI.jpg
train,NG_DESALINHADO,1,AUG_NG_DESALINHADO_0151_from_NAPLES_BLACK_20260707_070029_900132_NG_DESALI.jpg,C:\SVC_INSPECAO_USB_GIT\datasets\NAPLES_BLACK_AUG200\NG_DESALINHADO\AUG_NG_DESALINHADO_0151_from_NAPLES_BLACK_20260707_070029_900132_NG_DESALI.jpg
train,NG_DESALINHADO,1,AUG_NG_DESALINHADO_0037_from_NAPLES_BLACK_20260707_072854_829369_NG_DESALI.jpg,C:\SVC_INSPECAO_USB_GIT\datasets\NAPLES_BLACK_AUG200\NG_DESALINHADO\AUG_NG_DESALINHADO_0037_from_NAPLES_BLACK_20260707_072854_829369_NG_DESALI.jpg
train,NG_DESALINHADO,1,AUG_NG_DESALINHADO_0088_from_NAPLES_BLACK_20260707_072919_574042_NG_DESALI.jpg,C:\SVC_INSPECAO_USB_GIT\datasets\NAPLES_BLACK_AUG200\NG_DESALINHADO\AUG_NG_DESALINHADO_0088_from_NAPLES_BLACK_20260707_072919_574042_NG_DESALI.jpg
train,NG_DESALINHADO,1,AUG_NG_DESALINHADO_0093_from_NAPLES_BLACK_20260706_105652_218756_NG_DESALI.jpg,C:\SVC_INSPECAO_USB_GIT\datasets\NAPLES_BLACK_AUG200\NG_DESALINHADO\AUG_NG_DESALINHADO_0093_from_NAPLES_BLACK_20260706_105652_218756_NG_DESALI.jpg
train,NG_DESALINHADO,1,AUG_NG_DESALINHADO_0060_from_NAPLES_BLACK_20260707_070029_900132_NG_DESALI.jpg,C:\SVC_INSPECAO_USB_GIT\datasets\NAPLES_BLACK_AUG200\NG_DESALINHADO\AUG_NG_DESALINHADO_0060_from_NAPLES_BLACK_20260707_070029_900132_NG_DESALI.jpg
train,NG_DESALINHADO,1,NAPLES_BLACK_20260706_105010_050244_NG_DESALINHADO.jpg,C:\SVC_INSPECAO_USB_GIT\datasets\NAPLES_BLACK_AUG200\NG_DESALINHADO\NAPLES_BLACK_20260706_105010_050244_NG_DESALINHADO.jpg
train,NG_DESALINHADO,1,AUG_NG_DESALINHADO_0065_from_NAPLES_BLACK_20260706_110056_005831_NG_DESALI.jpg,C:\SVC_INSPECAO_USB_GIT\datasets\NAPLES_BLACK_AUG200\NG_DESALINHADO\AUG_NG_DESALINHADO_0065_from_NAPLES_BLACK_20260706_110056_005831_NG_DESALI.jpg
train,NG_DESALINHADO,1,AUG_NG_DESALINHADO_0033_from_NAPLES_BLACK_20260706_105010_050244_NG_DESALI.jpg,C:\SVC_INSPECAO_USB_GIT\datasets\NAPLES_BLACK_AUG200\NG_DESALINHADO\AUG_NG_DESALINHADO_0033_from_NAPLES_BLACK_20260706_105010_050244_NG_DESALI.jpg
train,NG_DESALINHADO,1,AUG_NG_DESALINHADO_0166_from_NAPLES_BLACK_20260706_095027_055410_NG_DESALI.jpg,C:\SVC_INSPECAO_USB_GIT\datasets\NAPLES_BLACK_AUG200\NG_DESALINHADO\AUG_NG_DESALINHADO_0166_from_NAPLES_BLACK_20260706_095027_055410_NG_DESALI.jpg
train,NG_DESALINHADO,1,AUG_NG_DESALINHADO_0030_from_NAPLES_BLACK_20260706_084823_694277_NG_DESALI.jpg,C:\SVC_INSPECAO_USB_GIT\datasets\NAPLES_BLACK_AUG200\NG_DESALINHADO\AUG_NG_DESALINHADO_0030_from_NAPLES_BLACK_20260706_084823_694277_NG_DESALI.jpg
train,NG_DESALINHADO,1,AUG_NG_DESALINHADO_0034_from_NAPLES_BLACK_20260706_111738_993349_NG_DESALI.jpg,C:\SVC_INSPECAO_USB_GIT\datasets\NAPLES_BLACK_AUG200\NG_DESALINHADO\AUG_NG_DESALINHADO_0034_from_NAPLES_BLACK_20260706_111738_993349_NG_DESALI.jpg
train,NG_DESALINHADO,1,AUG_NG_DESALINHADO_0190_from_NAPLES_BLACK_20260706_114959_418446_NG_DESALI.jpg,C:\SVC_INSPECAO_USB_GIT\datasets\NAPLES_BLACK_AUG200\NG_DESALINHADO\AUG_NG_DESALINHADO_0190_from_NAPLES_BLACK_20260706_114959_418446_NG_DESALI.jpg
train,NG_DESALINHADO,1,AUG_NG_DESALINHADO_0064_from_NAPLES_BLACK_20260707_072854_829369_NG_DESALI.jpg,C:\SVC_INSPECAO_USB_GIT\datasets\NAPLES_BLACK_AUG200\NG_DESALINHADO\AUG_NG_DESALINHADO_0064_from_NAPLES_BLACK_20260707_072854_829369_NG_DESALI.jpg
train,NG_DESALINHADO,1,AUG_NG_DESALINHADO_0200_from_NAPLES_BLACK_20260706_114959_418446_NG_DESALI.jpg,C:\SVC_INSPECAO_USB_GIT\datasets\NAPLES_BLACK_AUG200\NG_DESALINHADO\AUG_NG_DESALINHADO_0200_from_NAPLES_BLACK_20260706_114959_418446_NG_DESALI.jpg
train,NG_DESALINHADO,1,AUG_NG_DESALINHADO_0087_from_NAPLES_BLACK_20260706_095027_055410_NG_DESALI.jpg,C:\SVC_INSPECAO_USB_GIT\datasets\NAPLES_BLACK_AUG200\NG_DESALINHADO\AUG_NG_DESALINHADO_0087_from_NAPLES_BLACK_20260706_095027_055410_NG_DESALI.jpg
train,NG_DESALINHADO,1,AUG_NG_DESALINHADO_0147_from_NAPLES_BLACK_20260706_095027_055410_NG_DESALI.jpg,C:\SVC_INSPECAO_USB_GIT\datasets\NAPLES_BLACK_AUG200\NG_DESALINHADO\AUG_NG_DESALINHADO_0147_from_NAPLES_BLACK_20260706_095027_055410_NG_DESALI.jpg
train,NG_DESALINHADO,1,AUG_NG_DESALINHADO_0170_from_NAPLES_BLACK_20260706_112832_619270_NG_DESALI.jpg,C:\SVC_INSPECAO_USB_GIT\datasets\NAPLES_BLACK_AUG200\NG_DESALINHADO\AUG_NG_DESALINHADO_0170_from_NAPLES_BLACK_20260706_112832_619270_NG_DESALI.jpg
train,NG_DESALINHADO,1,AUG_NG_DESALINHADO_0117_from_NAPLES_BLACK_20260706_114947_793666_NG_DESALI.jpg,C:\SVC_INSPECAO_USB_GIT\datasets\NAPLES_BLACK_AUG200\NG_DESALINHADO\AUG_NG_DESALINHADO_0117_from_NAPLES_BLACK_20260706_114947_793666_NG_DESALI.jpg
train,NG_DESALINHADO,1,AUG_NG_DESALINHADO_0050_from_NAPLES_BLACK_20260707_072854_829369_NG_DESALI.jpg,C:\SVC_INSPECAO_USB_GIT\datasets\NAPLES_BLACK_AUG200\NG_DESALINHADO\AUG_NG_DESALINHADO_0050_from_NAPLES_BLACK_20260707_072854_829369_NG_DESALI.jpg
train,NG_DESALINHADO,1,AUG_NG_DESALINHADO_0144_from_NAPLES_BLACK_20260706_105652_218756_NG_DESALI.jpg,C:\SVC_INSPECAO_USB_GIT\datasets\NAPLES_BLACK_AUG200\NG_DESALINHADO\AUG_NG_DESALINHADO_0144_from_NAPLES_BLACK_20260706_105652_218756_NG_DESALI.jpg
train,NG_DESALINHADO,1,NAPLES_BLACK_20260706_090026_205842_NG_DESALINHADO.jpg,C:\SVC_INSPECAO_USB_GIT\datasets\NAPLES_BLACK_AUG200\NG_DESALINHADO\NAPLES_BLACK_20260706_090026_205842_NG_DESALINHADO.jpg
train,NG_DESALINHADO,1,AUG_NG_DESALINHADO_0059_from_NAPLES_BLACK_20260707_072854_829369_NG_DESALI.jpg,C:\SVC_INSPECAO_USB_GIT\datasets\NAPLES_BLACK_AUG200\NG_DESALINHADO\AUG_NG_DESALINHADO_0059_from_NAPLES_BLACK_20260707_072854_829369_NG_DESALI.jpg
train,NG_DESALINHADO,1,NAPLES_BLACK_20260706_111738_993349_NG_DESALINHADO.jpg,C:\SVC_INSPECAO_USB_GIT\datasets\NAPLES_BLACK_AUG200\NG_DESALINHADO\NAPLES_BLACK_20260706_111738_993349_NG_DESALINHADO.jpg
train,NG_DESALINHADO,1,AUG_NG_DESALINHADO_0057_from_NAPLES_BLACK_20260707_072854_829369_NG_DESALI.jpg,C:\SVC_INSPECAO_USB_GIT\datasets\NAPLES_BLACK_AUG200\NG_DESALINHADO\AUG_NG_DESALINHADO_0057_from_NAPLES_BLACK_20260707_072854_829369_NG_DESALI.jpg
train,NG_DESALINHADO,1,AUG_NG_DESALINHADO_0114_from_NAPLES_BLACK_20260707_072854_829369_NG_DESALI.jpg,C:\SVC_INSPECAO_USB_GIT\datasets\NAPLES_BLACK_AUG200\NG_DESALINHADO\AUG_NG_DESALINHADO_0114_from_NAPLES_BLACK_20260707_072854_829369_NG_DESALI.jpg
train,NG_DESALINHADO,1,AUG_NG_DESALINHADO_0049_from_NAPLES_BLACK_20260706_084823_694277_NG_DESALI.jpg,C:\SVC_INSPECAO_USB_GIT\datasets\NAPLES_BLACK_AUG200\NG_DESALINHADO\AUG_NG_DESALINHADO_0049_from_NAPLES_BLACK_20260706_084823_694277_NG_DESALI.jpg
train,NG_DESALINHADO,1,AUG_NG_DESALINHADO_0045_from_NAPLES_BLACK_20260706_105010_050244_NG_DESALI.jpg,C:\SVC_INSPECAO_USB_GIT\datasets\NAPLES_BLACK_AUG200\NG_DESALINHADO\AUG_NG_DESALINHADO_0045_from_NAPLES_BLACK_20260706_105010_050244_NG_DESALI.jpg
train,NG_DESALINHADO,1,AUG_NG_DESALINHADO_0032_from_NAPLES_BLACK_20260706_111738_993349_NG_DESALI.jpg,C:\SVC_INSPECAO_USB_GIT\datasets\NAPLES_BLACK_AUG200\NG_DESALINHADO\AUG_NG_DESALINHADO_0032_from_NAPLES_BLACK_20260706_111738_993349_NG_DESALI.jpg
train,NG_DESALINHADO,1,AUG_NG_DESALINHADO_0063_from_NAPLES_BLACK_20260706_095027_055410_NG_DESALI.jpg,C:\SVC_INSPECAO_USB_GIT\datasets\NAPLES_BLACK_AUG200\NG_DESALINHADO\AUG_NG_DESALINHADO_0063_from_NAPLES_BLACK_20260706_095027_055410_NG_DESALI.jpg
train,NG_DESALINHADO,1,AUG_NG_DESALINHADO_0118_from_NAPLES_BLACK_20260707_071543_507863_NG_DESALI.jpg,C:\SVC_INSPECAO_USB_GIT\datasets\NAPLES_BLACK_AUG200\NG_DESALINHADO\AUG_NG_DESALINHADO_0118_from_NAPLES_BLACK_20260707_071543_507863_NG_DESALI.jpg
train,NG_DESALINHADO,1,AUG_NG_DESALINHADO_0129_from_NAPLES_BLACK_20260706_084823_694277_NG_DESALI.jpg,C:\SVC_INSPECAO_USB_GIT\datasets\NAPLES_BLACK_AUG200\NG_DESALINHADO\AUG_NG_DESALINHADO_0129_from_NAPLES_BLACK_20260706_084823_694277_NG_DESALI.jpg
train,NG_DESALINHADO,1,AUG_NG_DESALINHADO_0158_from_NAPLES_BLACK_20260706_105652_218756_NG_DESALI.jpg,C:\SVC_INSPECAO_USB_GIT\datasets\NAPLES_BLACK_AUG200\NG_DESALINHADO\AUG_NG_DESALINHADO_0158_from_NAPLES_BLACK_20260706_105652_218756_NG_DESALI.jpg
train,NG_DESALINHADO,1,AUG_NG_DESALINHADO_0177_from_NAPLES_BLACK_20260707_072904_832804_NG_DESALI.jpg,C:\SVC_INSPECAO_USB_GIT\datasets\NAPLES_BLACK_AUG200\NG_DESALINHADO\AUG_NG_DESALINHADO_0177_from_NAPLES_BLACK_20260707_072904_832804_NG_DESALI.jpg
train,NG_DESALINHADO,1,AUG_NG_DESALINHADO_0113_from_NAPLES_BLACK_20260706_114947_793666_NG_DESALI.jpg,C:\SVC_INSPECAO_USB_GIT\datasets\NAPLES_BLACK_AUG200\NG_DESALINHADO\AUG_NG_DESALINHADO_0113_from_NAPLES_BLACK_20260706_114947_793666_NG_DESALI.jpg
train,NG_DESALINHADO,1,AUG_NG_DESALINHADO_0165_from_NAPLES_BLACK_20260707_072854_829369_NG_DESALI.jpg,C:\SVC_INSPECAO_USB_GIT\datasets\NAPLES_BLACK_AUG200\NG_DESALINHADO\AUG_NG_DESALINHADO_0165_from_NAPLES_BLACK_20260707_072854_829369_NG_DESALI.jpg
train,NG_DESALINHADO,1,AUG_NG_DESALINHADO_0128_from_NAPLES_BLACK_20260706_114947_793666_NG_DESALI.jpg,C:\SVC_INSPECAO_USB_GIT\datasets\NAPLES_BLACK_AUG200\NG_DESALINHADO\AUG_NG_DESALINHADO_0128_from_NAPLES_BLACK_20260706_114947_793666_NG_DESALI.jpg
train,NG_DESALINHADO,1,AUG_NG_DESALINHADO_0149_from_NAPLES_BLACK_20260707_072854_829369_NG_DESALI.jpg,C:\SVC_INSPECAO_USB_GIT\datasets\NAPLES_BLACK_AUG200\NG_DESALINHADO\AUG_NG_DESALINHADO_0149_from_NAPLES_BLACK_20260707_072854_829369_NG_DESALI.jpg
train,NG_DESALINHADO,1,AUG_NG_DESALINHADO_0022_from_NAPLES_BLACK_20260706_090026_205842_NG_DESALI.jpg,C:\SVC_INSPECAO_USB_GIT\datasets\NAPLES_BLACK_AUG200\NG_DESALINHADO\AUG_NG_DESALINHADO_0022_from_NAPLES_BLACK_20260706_090026_205842_NG_DESALI.jpg
train,NG_DESALINHADO,1,AUG_NG_DESALINHADO_0173_from_NAPLES_BLACK_20260707_072904_832804_NG_DESALI.jpg,C:\SVC_INSPECAO_USB_GIT\datasets\NAPLES_BLACK_AUG200\NG_DESALINHADO\AUG_NG_DESALINHADO_0173_from_NAPLES_BLACK_20260707_072904_832804_NG_DESALI.jpg
train,NG_DESALINHADO,1,AUG_NG_DESALINHADO_0145_from_NAPLES_BLACK_20260706_105652_218756_NG_DESALI.jpg,C:\SVC_INSPECAO_USB_GIT\datasets\NAPLES_BLACK_AUG200\NG_DESALINHADO\AUG_NG_DESALINHADO_0145_from_NAPLES_BLACK_20260706_105652_218756_NG_DESALI.jpg
train,NG_DESALINHADO,1,AUG_NG_DESALINHADO_0171_from_NAPLES_BLACK_20260707_072904_832804_NG_DESALI.jpg,C:\SVC_INSPECAO_USB_GIT\datasets\NAPLES_BLACK_AUG200\NG_DESALINHADO\AUG_NG_DESALINHADO_0171_from_NAPLES_BLACK_20260707_072904_832804_NG_DESALI.jpg
train,NG_DESALINHADO,1,AUG_NG_DESALINHADO_0134_from_NAPLES_BLACK_20260706_105010_050244_NG_DESALI.jpg,C:\SVC_INSPECAO_USB_GIT\datasets\NAPLES_BLACK_AUG200\NG_DESALINHADO\AUG_NG_DESALINHADO_0134_from_NAPLES_BLACK_20260706_105010_050244_NG_DESALI.jpg
train,NG_DESALINHADO,1,AUG_NG_DESALINHADO_0042_from_NAPLES_BLACK_20260706_105652_218756_NG_DESALI.jpg,C:\SVC_INSPECAO_USB_GIT\datasets\NAPLES_BLACK_AUG200\NG_DESALINHADO\AUG_NG_DESALINHADO_0042_from_NAPLES_BLACK_20260706_105652_218756_NG_DESALI.jpg
train,NG_DESALINHADO,1,NAPLES_BLACK_20260707_072854_829369_NG_DESALINHADO.jpg,C:\SVC_INSPECAO_USB_GIT\datasets\NAPLES_BLACK_AUG200\NG_DESALINHADO\NAPLES_BLACK_20260707_072854_829369_NG_DESALINHADO.jpg
train,NG_DESALINHADO,1,AUG_NG_DESALINHADO_0189_from_NAPLES_BLACK_20260707_071543_507863_NG_DESALI.jpg,C:\SVC_INSPECAO_USB_GIT\datasets\NAPLES_BLACK_AUG200\NG_DESALINHADO\AUG_NG_DESALINHADO_0189_from_NAPLES_BLACK_20260707_071543_507863_NG_DESALI.jpg
train,NG_DESALINHADO,1,AUG_NG_DESALINHADO_0112_from_NAPLES_BLACK_20260706_090026_205842_NG_DESALI.jpg,C:\SVC_INSPECAO_USB_GIT\datasets\NAPLES_BLACK_AUG200\NG_DESALINHADO\AUG_NG_DESALINHADO_0112_from_NAPLES_BLACK_20260706_090026_205842_NG_DESALI.jpg
train,NG_DESALINHADO,1,AUG_NG_DESALINHADO_0136_from_NAPLES_BLACK_20260707_072919_574042_NG_DESALI.jpg,C:\SVC_INSPECAO_USB_GIT\datasets\NAPLES_BLACK_AUG200\NG_DESALINHADO\AUG_NG_DESALINHADO_0136_from_NAPLES_BLACK_20260707_072919_574042_NG_DESALI.jpg
train,NG_DESALINHADO,1,AUG_NG_DESALINHADO_0054_from_NAPLES_BLACK_20260706_105010_050244_NG_DESALI.jpg,C:\SVC_INSPECAO_USB_GIT\datasets\NAPLES_BLACK_AUG200\NG_DESALINHADO\AUG_NG_DESALINHADO_0054_from_NAPLES_BLACK_20260706_105010_050244_NG_DESALI.jpg
train,NG_DESALINHADO,1,NAPLES_BLACK_20260707_070029_900132_NG_DESALINHADO.jpg,C:\SVC_INSPECAO_USB_GIT\datasets\NAPLES_BLACK_AUG200\NG_DESALINHADO\NAPLES_BLACK_20260707_070029_900132_NG_DESALINHADO.jpg
train,NG_DESALINHADO,1,AUG_NG_DESALINHADO_0196_from_NAPLES_BLACK_20260706_110056_005831_NG_DESALI.jpg,C:\SVC_INSPECAO_USB_GIT\datasets\NAPLES_BLACK_AUG200\NG_DESALINHADO\AUG_NG_DESALINHADO_0196_from_NAPLES_BLACK_20260706_110056_005831_NG_DESALI.jpg
train,NG_DESALINHADO,1,AUG_NG_DESALINHADO_0091_from_NAPLES_BLACK_20260706_105010_050244_NG_DESALI.jpg,C:\SVC_INSPECAO_USB_GIT\datasets\NAPLES_BLACK_AUG200\NG_DESALINHADO\AUG_NG_DESALINHADO_0091_from_NAPLES_BLACK_20260706_105010_050244_NG_DESALI.jpg
train,NG_DESALINHADO,1,AUG_NG_DESALINHADO_0027_from_NAPLES_BLACK_20260707_072854_829369_NG_DESALI.jpg,C:\SVC_INSPECAO_USB_GIT\datasets\NAPLES_BLACK_AUG200\NG_DESALINHADO\AUG_NG_DESALINHADO_0027_from_NAPLES_BLACK_20260707_072854_829369_NG_DESALI.jpg
val,NG_DESALINHADO,1,AUG_NG_DESALINHADO_0053_from_NAPLES_BLACK_20260706_112832_619270_NG_DESALI.jpg,C:\SVC_INSPECAO_USB_GIT\datasets\NAPLES_BLACK_AUG200\NG_DESALINHADO\AUG_NG_DESALINHADO_0053_from_NAPLES_BLACK_20260706_112832_619270_NG_DESALI.jpg
val,NG_DESALINHADO,1,AUG_NG_DESALINHADO_0157_from_NAPLES_BLACK_20260706_084823_694277_NG_DESALI.jpg,C:\SVC_INSPECAO_USB_GIT\datasets\NAPLES_BLACK_AUG200\NG_DESALINHADO\AUG_NG_DESALINHADO_0157_from_NAPLES_BLACK_20260706_084823_694277_NG_DESALI.jpg
val,NG_DESALINHADO,1,AUG_NG_DESALINHADO_0058_from_NAPLES_BLACK_20260707_070029_900132_NG_DESALI.jpg,C:\SVC_INSPECAO_USB_GIT\datasets\NAPLES_BLACK_AUG200\NG_DESALINHADO\AUG_NG_DESALINHADO_0058_from_NAPLES_BLACK_20260707_070029_900132_NG_DESALI.jpg
val,NG_DESALINHADO,1,AUG_NG_DESALINHADO_0039_from_NAPLES_BLACK_20260706_084823_694277_NG_DESALI.jpg,C:\SVC_INSPECAO_USB_GIT\datasets\NAPLES_BLACK_AUG200\NG_DESALINHADO\AUG_NG_DESALINHADO_0039_from_NAPLES_BLACK_20260706_084823_694277_NG_DESALI.jpg
val,NG_DESALINHADO,1,AUG_NG_DESALINHADO_0178_from_NAPLES_BLACK_20260706_105652_218756_NG_DESALI.jpg,C:\SVC_INSPECAO_USB_GIT\datasets\NAPLES_BLACK_AUG200\NG_DESALINHADO\AUG_NG_DESALINHADO_0178_from_NAPLES_BLACK_20260706_105652_218756_NG_DESALI.jpg
val,NG_DESALINHADO,1,AUG_NG_DESALINHADO_0180_from_NAPLES_BLACK_20260706_114947_793666_NG_DESALI.jpg,C:\SVC_INSPECAO_USB_GIT\datasets\NAPLES_BLACK_AUG200\NG_DESALINHADO\AUG_NG_DESALINHADO_0180_from_NAPLES_BLACK_20260706_114947_793666_NG_DESALI.jpg
val,NG_DESALINHADO,1,AUG_NG_DESALINHADO_0150_from_NAPLES_BLACK_20260706_105740_826008_NG_DESALI.jpg,C:\SVC_INSPECAO_USB_GIT\datasets\NAPLES_BLACK_AUG200\NG_DESALINHADO\AUG_NG_DESALINHADO_0150_from_NAPLES_BLACK_20260706_105740_826008_NG_DESALI.jpg
val,NG_DESALINHADO,1,AUG_NG_DESALINHADO_0107_from_NAPLES_BLACK_20260706_114959_418446_NG_DESALI.jpg,C:\SVC_INSPECAO_USB_GIT\datasets\NAPLES_BLACK_AUG200\NG_DESALINHADO\AUG_NG_DESALINHADO_0107_from_NAPLES_BLACK_20260706_114959_418446_NG_DESALI.jpg
val,NG_DESALINHADO,1,NAPLES_BLACK_20260706_110056_005831_NG_DESALINHADO.jpg,C:\SVC_INSPECAO_USB_GIT\datasets\NAPLES_BLACK_AUG200\NG_DESALINHADO\NAPLES_BLACK_20260706_110056_005831_NG_DESALINHADO.jpg
val,NG_DESALINHADO,1,AUG_NG_DESALINHADO_0181_from_NAPLES_BLACK_20260706_112832_619270_NG_DESALI.jpg,C:\SVC_INSPECAO_USB_GIT\datasets\NAPLES_BLACK_AUG200\NG_DESALINHADO\AUG_NG_DESALINHADO_0181_from_NAPLES_BLACK_20260706_112832_619270_NG_DESALI.jpg
val,NG_DESALINHADO,1,AUG_NG_DESALINHADO_0035_from_NAPLES_BLACK_20260707_072919_574042_NG_DESALI.jpg,C:\SVC_INSPECAO_USB_GIT\datasets\NAPLES_BLACK_AUG200\NG_DESALINHADO\AUG_NG_DESALINHADO_0035_from_NAPLES_BLACK_20260707_072919_574042_NG_DESALI.jpg
val,NG_DESALINHADO,1,AUG_NG_DESALINHADO_0199_from_NAPLES_BLACK_20260707_072904_832804_NG_DESALI.jpg,C:\SVC_INSPECAO_USB_GIT\datasets\NAPLES_BLACK_AUG200\NG_DESALINHADO\AUG_NG_DESALINHADO_0199_from_NAPLES_BLACK_20260707_072904_832804_NG_DESALI.jpg
val,NG_DESALINHADO,1,NAPLES_BLACK_20260707_071543_507863_NG_DESALINHADO.jpg,C:\SVC_INSPECAO_USB_GIT\datasets\NAPLES_BLACK_AUG200\NG_DESALINHADO\NAPLES_BLACK_20260707_071543_507863_NG_DESALINHADO.jpg
val,NG_DESALINHADO,1,AUG_NG_DESALINHADO_0101_from_NAPLES_BLACK_20260707_072919_574042_NG_DESALI.jpg,C:\SVC_INSPECAO_USB_GIT\datasets\NAPLES_BLACK_AUG200\NG_DESALINHADO\AUG_NG_DESALINHADO_0101_from_NAPLES_BLACK_20260707_072919_574042_NG_DESALI.jpg
val,NG_DESALINHADO,1,AUG_NG_DESALINHADO_0154_from_NAPLES_BLACK_20260707_072904_832804_NG_DESALI.jpg,C:\SVC_INSPECAO_USB_GIT\datasets\NAPLES_BLACK_AUG200\NG_DESALINHADO\AUG_NG_DESALINHADO_0154_from_NAPLES_BLACK_20260707_072904_832804_NG_DESALI.jpg
val,NG_DESALINHADO,1,AUG_NG_DESALINHADO_0137_from_NAPLES_BLACK_20260706_114947_793666_NG_DESALI.jpg,C:\SVC_INSPECAO_USB_GIT\datasets\NAPLES_BLACK_AUG200\NG_DESALINHADO\AUG_NG_DESALINHADO_0137_from_NAPLES_BLACK_20260706_114947_793666_NG_DESALI.jpg
val,NG_DESALINHADO,1,AUG_NG_DESALINHADO_0155_from_NAPLES_BLACK_20260706_105010_050244_NG_DESALI.jpg,C:\SVC_INSPECAO_USB_GIT\datasets\NAPLES_BLACK_AUG200\NG_DESALINHADO\AUG_NG_DESALINHADO_0155_from_NAPLES_BLACK_20260706_105010_050244_NG_DESALI.jpg
val,NG_DESALINHADO,1,AUG_NG_DESALINHADO_0127_from_NAPLES_BLACK_20260706_110056_005831_NG_DESALI.jpg,C:\SVC_INSPECAO_USB_GIT\datasets\NAPLES_BLACK_AUG200\NG_DESALINHADO\AUG_NG_DESALINHADO_0127_from_NAPLES_BLACK_20260706_110056_005831_NG_DESALI.jpg
val,NG_DESALINHADO,1,AUG_NG_DESALINHADO_0142_from_NAPLES_BLACK_20260706_112356_817104_NG_DESALI.jpg,C:\SVC_INSPECAO_USB_GIT\datasets\NAPLES_BLACK_AUG200\NG_DESALINHADO\AUG_NG_DESALINHADO_0142_from_NAPLES_BLACK_20260706_112356_817104_NG_DESALI.jpg
val,NG_DESALINHADO,1,AUG_NG_DESALINHADO_0191_from_NAPLES_BLACK_20260707_070029_900132_NG_DESALI.jpg,C:\SVC_INSPECAO_USB_GIT\datasets\NAPLES_BLACK_AUG200\NG_DESALINHADO\AUG_NG_DESALINHADO_0191_from_NAPLES_BLACK_20260707_070029_900132_NG_DESALI.jpg
val,NG_DESALINHADO,1,AUG_NG_DESALINHADO_0192_from_NAPLES_BLACK_20260706_114959_418446_NG_DESALI.jpg,C:\SVC_INSPECAO_USB_GIT\datasets\NAPLES_BLACK_AUG200\NG_DESALINHADO\AUG_NG_DESALINHADO_0192_from_NAPLES_BLACK_20260706_114959_418446_NG_DESALI.jpg
val,NG_DESALINHADO,1,AUG_NG_DESALINHADO_0143_from_NAPLES_BLACK_20260706_114959_418446_NG_DESALI.jpg,C:\SVC_INSPECAO_USB_GIT\datasets\NAPLES_BLACK_AUG200\NG_DESALINHADO\AUG_NG_DESALINHADO_0143_from_NAPLES_BLACK_20260706_114959_418446_NG_DESALI.jpg
val,NG_DESALINHADO,1,AUG_NG_DESALINHADO_0141_from_NAPLES_BLACK_20260706_105652_218756_NG_DESALI.jpg,C:\SVC_INSPECAO_USB_GIT\datasets\NAPLES_BLACK_AUG200\NG_DESALINHADO\AUG_NG_DESALINHADO_0141_from_NAPLES_BLACK_20260706_105652_218756_NG_DESALI.jpg
val,NG_DESALINHADO,1,AUG_NG_DESALINHADO_0077_from_NAPLES_BLACK_20260706_084823_694277_NG_DESALI.jpg,C:\SVC_INSPECAO_USB_GIT\datasets\NAPLES_BLACK_AUG200\NG_DESALINHADO\AUG_NG_DESALINHADO_0077_from_NAPLES_BLACK_20260706_084823_694277_NG_DESALI.jpg
val,NG_DESALINHADO,1,AUG_NG_DESALINHADO_0105_from_NAPLES_BLACK_20260706_112832_619270_NG_DESALI.jpg,C:\SVC_INSPECAO_USB_GIT\datasets\NAPLES_BLACK_AUG200\NG_DESALINHADO\AUG_NG_DESALINHADO_0105_from_NAPLES_BLACK_20260706_112832_619270_NG_DESALI.jpg
val,NG_DESALINHADO,1,AUG_NG_DESALINHADO_0132_from_NAPLES_BLACK_20260706_105740_826008_NG_DESALI.jpg,C:\SVC_INSPECAO_USB_GIT\datasets\NAPLES_BLACK_AUG200\NG_DESALINHADO\AUG_NG_DESALINHADO_0132_from_NAPLES_BLACK_20260706_105740_826008_NG_DESALI.jpg
val,NG_DESALINHADO,1,AUG_NG_DESALINHADO_0195_from_NAPLES_BLACK_20260707_072854_829369_NG_DESALI.jpg,C:\SVC_INSPECAO_USB_GIT\datasets\NAPLES_BLACK_AUG200\NG_DESALINHADO\AUG_NG_DESALINHADO_0195_from_NAPLES_BLACK_20260707_072854_829369_NG_DESALI.jpg
val,NG_DESALINHADO,1,AUG_NG_DESALINHADO_0048_from_NAPLES_BLACK_20260706_105010_050244_NG_DESALI.jpg,C:\SVC_INSPECAO_USB_GIT\datasets\NAPLES_BLACK_AUG200\NG_DESALINHADO\AUG_NG_DESALINHADO_0048_from_NAPLES_BLACK_20260706_105010_050244_NG_DESALI.jpg
val,NG_DESALINHADO,1,AUG_NG_DESALINHADO_0096_from_NAPLES_BLACK_20260707_072919_574042_NG_DESALI.jpg,C:\SVC_INSPECAO_USB_GIT\datasets\NAPLES_BLACK_AUG200\NG_DESALINHADO\AUG_NG_DESALINHADO_0096_from_NAPLES_BLACK_20260707_072919_574042_NG_DESALI.jpg
val,NG_DESALINHADO,1,NAPLES_BLACK_20260706_114959_418446_NG_DESALINHADO.jpg,C:\SVC_INSPECAO_USB_GIT\datasets\NAPLES_BLACK_AUG200\NG_DESALINHADO\NAPLES_BLACK_20260706_114959_418446_NG_DESALINHADO.jpg
val,NG_DESALINHADO,1,AUG_NG_DESALINHADO_0090_from_NAPLES_BLACK_20260706_114959_418446_NG_DESALI.jpg,C:\SVC_INSPECAO_USB_GIT\datasets\NAPLES_BLACK_AUG200\NG_DESALINHADO\AUG_NG_DESALINHADO_0090_from_NAPLES_BLACK_20260706_114959_418446_NG_DESALI.jpg
val,NG_DESALINHADO,1,AUG_NG_DESALINHADO_0138_from_NAPLES_BLACK_20260706_114959_418446_NG_DESALI.jpg,C:\SVC_INSPECAO_USB_GIT\datasets\NAPLES_BLACK_AUG200\NG_DESALINHADO\AUG_NG_DESALINHADO_0138_from_NAPLES_BLACK_20260706_114959_418446_NG_DESALI.jpg
val,NG_DESALINHADO,1,NAPLES_BLACK_20260706_105652_218756_NG_DESALINHADO.jpg,C:\SVC_INSPECAO_USB_GIT\datasets\NAPLES_BLACK_AUG200\NG_DESALINHADO\NAPLES_BLACK_20260706_105652_218756_NG_DESALINHADO.jpg
val,NG_DESALINHADO,1,NAPLES_BLACK_20260707_072919_574042_NG_DESALINHADO.jpg,C:\SVC_INSPECAO_USB_GIT\datasets\NAPLES_BLACK_AUG200\NG_DESALINHADO\NAPLES_BLACK_20260707_072919_574042_NG_DESALINHADO.jpg
val,NG_DESALINHADO,1,AUG_NG_DESALINHADO_0043_from_NAPLES_BLACK_20260706_105010_050244_NG_DESALI.jpg,C:\SVC_INSPECAO_USB_GIT\datasets\NAPLES_BLACK_AUG200\NG_DESALINHADO\AUG_NG_DESALINHADO_0043_from_NAPLES_BLACK_20260706_105010_050244_NG_DESALI.jpg
val,NG_DESALINHADO,1,AUG_NG_DESALINHADO_0046_from_NAPLES_BLACK_20260706_111738_993349_NG_DESALI.jpg,C:\SVC_INSPECAO_USB_GIT\datasets\NAPLES_BLACK_AUG200\NG_DESALINHADO\AUG_NG_DESALINHADO_0046_from_NAPLES_BLACK_20260706_111738_993349_NG_DESALI.jpg
val,NG_DESALINHADO,1,AUG_NG_DESALINHADO_0026_from_NAPLES_BLACK_20260706_095027_055410_NG_DESALI.jpg,C:\SVC_INSPECAO_USB_GIT\datasets\NAPLES_BLACK_AUG200\NG_DESALINHADO\AUG_NG_DESALINHADO_0026_from_NAPLES_BLACK_20260706_095027_055410_NG_DESALI.jpg
val,NG_DESALINHADO,1,AUG_NG_DESALINHADO_0122_from_NAPLES_BLACK_20260706_095027_055410_NG_DESALI.jpg,C:\SVC_INSPECAO_USB_GIT\datasets\NAPLES_BLACK_AUG200\NG_DESALINHADO\AUG_NG_DESALINHADO_0122_from_NAPLES_BLACK_20260706_095027_055410_NG_DESALI.jpg
val,NG_DESALINHADO,1,AUG_NG_DESALINHADO_0198_from_NAPLES_BLACK_20260706_095027_055410_NG_DESALI.jpg,C:\SVC_INSPECAO_USB_GIT\datasets\NAPLES_BLACK_AUG200\NG_DESALINHADO\AUG_NG_DESALINHADO_0198_from_NAPLES_BLACK_20260706_095027_055410_NG_DESALI.jpg
val,NG_DESALINHADO,1,AUG_NG_DESALINHADO_0079_from_NAPLES_BLACK_20260707_070029_900132_NG_DESALI.jpg,C:\SVC_INSPECAO_USB_GIT\datasets\NAPLES_BLACK_AUG200\NG_DESALINHADO\AUG_NG_DESALINHADO_0079_from_NAPLES_BLACK_20260707_070029_900132_NG_DESALI.jpg
train,NG_DANIFICADO,2,NAPLES_BLACK_20260706_113517_299341_NG_DANIFICADO.jpg,C:\SVC_INSPECAO_USB_GIT\datasets\NAPLES_BLACK_AUG200\NG_DANIFICADO\NAPLES_BLACK_20260706_113517_299341_NG_DANIFICADO.jpg
train,NG_DANIFICADO,2,NAPLES_BLACK_20260707_070654_611266_NG_DANIFICADO.jpg,C:\SVC_INSPECAO_USB_GIT\datasets\NAPLES_BLACK_AUG200\NG_DANIFICADO\NAPLES_BLACK_20260707_070654_611266_NG_DANIFICADO.jpg
train,NG_DANIFICADO,2,NAPLES_BLACK_20260707_072428_939487_NG_DANIFICADO.jpg,C:\SVC_INSPECAO_USB_GIT\datasets\NAPLES_BLACK_AUG200\NG_DANIFICADO\NAPLES_BLACK_20260707_072428_939487_NG_DANIFICADO.jpg
train,NG_DANIFICADO,2,NAPLES_BLACK_20260706_113743_937136_NG_DANIFICADO.jpg,C:\SVC_INSPECAO_USB_GIT\datasets\NAPLES_BLACK_AUG200\NG_DANIFICADO\NAPLES_BLACK_20260706_113743_937136_NG_DANIFICADO.jpg
train,NG_DANIFICADO,2,AUG_NG_DANIFICADO_0154_from_NAPLES_BLACK_20260707_072148_270671_NG_DANIFI.jpg,C:\SVC_INSPECAO_USB_GIT\datasets\NAPLES_BLACK_AUG200\NG_DANIFICADO\AUG_NG_DANIFICADO_0154_from_NAPLES_BLACK_20260707_072148_270671_NG_DANIFI.jpg
train,NG_DANIFICADO,2,AUG_NG_DANIFICADO_0195_from_NAPLES_BLACK_20260707_072711_435095_NG_DANIFI.jpg,C:\SVC_INSPECAO_USB_GIT\datasets\NAPLES_BLACK_AUG200\NG_DANIFICADO\AUG_NG_DANIFICADO_0195_from_NAPLES_BLACK_20260707_072711_435095_NG_DANIFI.jpg
train,NG_DANIFICADO,2,NAPLES_BLACK_20260706_113428_127908_NG_DANIFICADO.jpg,C:\SVC_INSPECAO_USB_GIT\datasets\NAPLES_BLACK_AUG200\NG_DANIFICADO\NAPLES_BLACK_20260706_113428_127908_NG_DANIFICADO.jpg
train,NG_DANIFICADO,2,NAPLES_BLACK_20260706_112517_043798_NG_DANIFICADO.jpg,C:\SVC_INSPECAO_USB_GIT\datasets\NAPLES_BLACK_AUG200\NG_DANIFICADO\NAPLES_BLACK_20260706_112517_043798_NG_DANIFICADO.jpg
train,NG_DANIFICADO,2,NAPLES_BLACK_20260707_071234_176774_NG_DANIFICADO.jpg,C:\SVC_INSPECAO_USB_GIT\datasets\NAPLES_BLACK_AUG200\NG_DANIFICADO\NAPLES_BLACK_20260707_071234_176774_NG_DANIFICADO.jpg
train,NG_DANIFICADO,2,AUG_NG_DANIFICADO_0180_from_NAPLES_BLACK_20260706_113449_627146_NG_DANIFI.jpg,C:\SVC_INSPECAO_USB_GIT\datasets\NAPLES_BLACK_AUG200\NG_DANIFICADO\AUG_NG_DANIFICADO_0180_from_NAPLES_BLACK_20260706_113449_627146_NG_DANIFI.jpg
train,NG_DANIFICADO,2,NAPLES_BLACK_20260706_095139_536827_NG_DANIFICADO.jpg,C:\SVC_INSPECAO_USB_GIT\datasets\NAPLES_BLACK_AUG200\NG_DANIFICADO\NAPLES_BLACK_20260706_095139_536827_NG_DANIFICADO.jpg
train,NG_DANIFICADO,2,NAPLES_BLACK_20260707_072420_280673_NG_DANIFICADO.jpg,C:\SVC_INSPECAO_USB_GIT\datasets\NAPLES_BLACK_AUG200\NG_DANIFICADO\NAPLES_BLACK_20260707_072420_280673_NG_DANIFICADO.jpg
train,NG_DANIFICADO,2,AUG_NG_DANIFICADO_0136_from_NAPLES_BLACK_20260707_071334_260960_NG_DANIFI.jpg,C:\SVC_INSPECAO_USB_GIT\datasets\NAPLES_BLACK_AUG200\NG_DANIFICADO\AUG_NG_DANIFICADO_0136_from_NAPLES_BLACK_20260707_071334_260960_NG_DANIFI.jpg
train,NG_DANIFICADO,2,NAPLES_BLACK_20260706_113239_319286_NG_DANIFICADO.jpg,C:\SVC_INSPECAO_USB_GIT\datasets\NAPLES_BLACK_AUG200\NG_DANIFICADO\NAPLES_BLACK_20260706_113239_319286_NG_DANIFICADO.jpg
train,NG_DANIFICADO,2,NAPLES_BLACK_20260706_113246_403941_NG_DANIFICADO.jpg,C:\SVC_INSPECAO_USB_GIT\datasets\NAPLES_BLACK_AUG200\NG_DANIFICADO\NAPLES_BLACK_20260706_113246_403941_NG_DANIFICADO.jpg
train,NG_DANIFICADO,2,AUG_NG_DANIFICADO_0172_from_NAPLES_BLACK_20260707_070905_878798_NG_DANIFI.jpg,C:\SVC_INSPECAO_USB_GIT\datasets\NAPLES_BLACK_AUG200\NG_DANIFICADO\AUG_NG_DANIFICADO_0172_from_NAPLES_BLACK_20260707_070905_878798_NG_DANIFI.jpg
train,NG_DANIFICADO,2,NAPLES_BLACK_20260707_071219_360974_NG_DANIFICADO.jpg,C:\SVC_INSPECAO_USB_GIT\datasets\NAPLES_BLACK_AUG200\NG_DANIFICADO\NAPLES_BLACK_20260707_071219_360974_NG_DANIFICADO.jpg
train,NG_DANIFICADO,2,NAPLES_BLACK_20260707_071203_153587_NG_DANIFICADO.jpg,C:\SVC_INSPECAO_USB_GIT\datasets\NAPLES_BLACK_AUG200\NG_DANIFICADO\NAPLES_BLACK_20260707_071203_153587_NG_DANIFICADO.jpg
train,NG_DANIFICADO,2,AUG_NG_DANIFICADO_0135_from_NAPLES_BLACK_20260706_114148_913920_NG_DANIFI.jpg,C:\SVC_INSPECAO_USB_GIT\datasets\NAPLES_BLACK_AUG200\NG_DANIFICADO\AUG_NG_DANIFICADO_0135_from_NAPLES_BLACK_20260706_114148_913920_NG_DANIFI.jpg
train,NG_DANIFICADO,2,NAPLES_BLACK_20260707_073216_354216_NG_DANIFICADO.jpg,C:\SVC_INSPECAO_USB_GIT\datasets\NAPLES_BLACK_AUG200\NG_DANIFICADO\NAPLES_BLACK_20260707_073216_354216_NG_DANIFICADO.jpg
train,NG_DANIFICADO,2,NAPLES_BLACK_20260707_070513_538461_NG_DANIFICADO.jpg,C:\SVC_INSPECAO_USB_GIT\datasets\NAPLES_BLACK_AUG200\NG_DANIFICADO\NAPLES_BLACK_20260707_070513_538461_NG_DANIFICADO.jpg
train,NG_DANIFICADO,2,NAPLES_BLACK_20260707_072102_317736_NG_DANIFICADO.jpg,C:\SVC_INSPECAO_USB_GIT\datasets\NAPLES_BLACK_AUG200\NG_DANIFICADO\NAPLES_BLACK_20260707_072102_317736_NG_DANIFICADO.jpg
train,NG_DANIFICADO,2,NAPLES_BLACK_20260707_070616_405945_NG_DANIFICADO.jpg,C:\SVC_INSPECAO_USB_GIT\datasets\NAPLES_BLACK_AUG200\NG_DANIFICADO\NAPLES_BLACK_20260707_070616_405945_NG_DANIFICADO.jpg
train,NG_DANIFICADO,2,AUG_NG_DANIFICADO_0147_from_NAPLES_BLACK_20260707_070654_611266_NG_DANIFI.jpg,C:\SVC_INSPECAO_USB_GIT\datasets\NAPLES_BLACK_AUG200\NG_DANIFICADO\AUG_NG_DANIFICADO_0147_from_NAPLES_BLACK_20260707_070654_611266_NG_DANIFI.jpg
train,NG_DANIFICADO,2,AUG_NG_DANIFICADO_0163_from_NAPLES_BLACK_20260707_070830_377203_NG_DANIFI.jpg,C:\SVC_INSPECAO_USB_GIT\datasets\NAPLES_BLACK_AUG200\NG_DANIFICADO\AUG_NG_DANIFICADO_0163_from_NAPLES_BLACK_20260707_070830_377203_NG_DANIFI.jpg
train,NG_DANIFICADO,2,NAPLES_BLACK_20260707_073056_481818_NG_DANIFICADO.jpg,C:\SVC_INSPECAO_USB_GIT\datasets\NAPLES_BLACK_AUG200\NG_DANIFICADO\NAPLES_BLACK_20260707_073056_481818_NG_DANIFICADO.jpg
train,NG_DANIFICADO,2,NAPLES_BLACK_20260706_113629_289284_NG_DANIFICADO.jpg,C:\SVC_INSPECAO_USB_GIT\datasets\NAPLES_BLACK_AUG200\NG_DANIFICADO\NAPLES_BLACK_20260706_113629_289284_NG_DANIFICADO.jpg
train,NG_DANIFICADO,2,NAPLES_BLACK_20260707_070941_305060_NG_DANIFICADO.jpg,C:\SVC_INSPECAO_USB_GIT\datasets\NAPLES_BLACK_AUG200\NG_DANIFICADO\NAPLES_BLACK_20260707_070941_305060_NG_DANIFICADO.jpg
train,NG_DANIFICADO,2,NAPLES_BLACK_20260707_071129_851978_NG_DANIFICADO.jpg,C:\SVC_INSPECAO_USB_GIT\datasets\NAPLES_BLACK_AUG200\NG_DANIFICADO\NAPLES_BLACK_20260707_071129_851978_NG_DANIFICADO.jpg
train,NG_DANIFICADO,2,NAPLES_BLACK_20260706_083851_863172_NG_DANIFICADO.jpg,C:\SVC_INSPECAO_USB_GIT\datasets\NAPLES_BLACK_AUG200\NG_DANIFICADO\NAPLES_BLACK_20260706_083851_863172_NG_DANIFICADO.jpg
train,NG_DANIFICADO,2,NAPLES_BLACK_20260707_071942_897358_NG_DANIFICADO.jpg,C:\SVC_INSPECAO_USB_GIT\datasets\NAPLES_BLACK_AUG200\NG_DANIFICADO\NAPLES_BLACK_20260707_071942_897358_NG_DANIFICADO.jpg
train,NG_DANIFICADO,2,NAPLES_BLACK_20260707_071311_813002_NG_DANIFICADO.jpg,C:\SVC_INSPECAO_USB_GIT\datasets\NAPLES_BLACK_AUG200\NG_DANIFICADO\NAPLES_BLACK_20260707_071311_813002_NG_DANIFICADO.jpg
train,NG_DANIFICADO,2,NAPLES_BLACK_20260706_112332_180102_NG_DANIFICADO.jpg,C:\SVC_INSPECAO_USB_GIT\datasets\NAPLES_BLACK_AUG200\NG_DANIFICADO\NAPLES_BLACK_20260706_112332_180102_NG_DANIFICADO.jpg
train,NG_DANIFICADO,2,AUG_NG_DANIFICADO_0167_from_NAPLES_BLACK_20260706_112601_934357_NG_DANIFI.jpg,C:\SVC_INSPECAO_USB_GIT\datasets\NAPLES_BLACK_AUG200\NG_DANIFICADO\AUG_NG_DANIFICADO_0167_from_NAPLES_BLACK_20260706_112601_934357_NG_DANIFI.jpg
train,NG_DANIFICADO,2,NAPLES_BLACK_20260706_113207_811340_NG_DANIFICADO.jpg,C:\SVC_INSPECAO_USB_GIT\datasets\NAPLES_BLACK_AUG200\NG_DANIFICADO\NAPLES_BLACK_20260706_113207_811340_NG_DANIFICADO.jpg
train,NG_DANIFICADO,2,AUG_NG_DANIFICADO_0193_from_NAPLES_BLACK_20260707_071942_897358_NG_DANIFI.jpg,C:\SVC_INSPECAO_USB_GIT\datasets\NAPLES_BLACK_AUG200\NG_DANIFICADO\AUG_NG_DANIFICADO_0193_from_NAPLES_BLACK_20260707_071942_897358_NG_DANIFI.jpg
train,NG_DANIFICADO,2,NAPLES_BLACK_20260707_073450_989658_NG_DANIFICADO.jpg,C:\SVC_INSPECAO_USB_GIT\datasets\NAPLES_BLACK_AUG200\NG_DANIFICADO\NAPLES_BLACK_20260707_073450_989658_NG_DANIFICADO.jpg
train,NG_DANIFICADO,2,AUG_NG_DANIFICADO_0173_from_NAPLES_BLACK_20260706_112500_941342_NG_DANIFI.jpg,C:\SVC_INSPECAO_USB_GIT\datasets\NAPLES_BLACK_AUG200\NG_DANIFICADO\AUG_NG_DANIFICADO_0173_from_NAPLES_BLACK_20260706_112500_941342_NG_DANIFI.jpg
train,NG_DANIFICADO,2,NAPLES_BLACK_20260706_112442_153642_NG_DANIFICADO.jpg,C:\SVC_INSPECAO_USB_GIT\datasets\NAPLES_BLACK_AUG200\NG_DANIFICADO\NAPLES_BLACK_20260706_112442_153642_NG_DANIFICADO.jpg
train,NG_DANIFICADO,2,AUG_NG_DANIFICADO_0196_from_NAPLES_BLACK_20260706_112500_941342_NG_DANIFI.jpg,C:\SVC_INSPECAO_USB_GIT\datasets\NAPLES_BLACK_AUG200\NG_DANIFICADO\AUG_NG_DANIFICADO_0196_from_NAPLES_BLACK_20260706_112500_941342_NG_DANIFI.jpg
train,NG_DANIFICADO,2,NAPLES_BLACK_20260707_072803_510093_NG_DANIFICADO.jpg,C:\SVC_INSPECAO_USB_GIT\datasets\NAPLES_BLACK_AUG200\NG_DANIFICADO\NAPLES_BLACK_20260707_072803_510093_NG_DANIFICADO.jpg
train,NG_DANIFICADO,2,NAPLES_BLACK_20260707_072227_179087_NG_DANIFICADO.jpg,C:\SVC_INSPECAO_USB_GIT\datasets\NAPLES_BLACK_AUG200\NG_DANIFICADO\NAPLES_BLACK_20260707_072227_179087_NG_DANIFICADO.jpg
train,NG_DANIFICADO,2,AUG_NG_DANIFICADO_0192_from_NAPLES_BLACK_20260707_072721_370301_NG_DANIFI.jpg,C:\SVC_INSPECAO_USB_GIT\datasets\NAPLES_BLACK_AUG200\NG_DANIFICADO\AUG_NG_DANIFICADO_0192_from_NAPLES_BLACK_20260707_072721_370301_NG_DANIFI.jpg
train,NG_DANIFICADO,2,NAPLES_BLACK_20260706_114816_701810_NG_DANIFICADO.jpg,C:\SVC_INSPECAO_USB_GIT\datasets\NAPLES_BLACK_AUG200\NG_DANIFICADO\NAPLES_BLACK_20260706_114816_701810_NG_DANIFICADO.jpg
train,NG_DANIFICADO,2,NAPLES_BLACK_20260706_114148_913920_NG_DANIFICADO.jpg,C:\SVC_INSPECAO_USB_GIT\datasets\NAPLES_BLACK_AUG200\NG_DANIFICADO\NAPLES_BLACK_20260706_114148_913920_NG_DANIFICADO.jpg
train,NG_DANIFICADO,2,NAPLES_BLACK_20260707_071951_231260_NG_DANIFICADO.jpg,C:\SVC_INSPECAO_USB_GIT\datasets\NAPLES_BLACK_AUG200\NG_DANIFICADO\NAPLES_BLACK_20260707_071951_231260_NG_DANIFICADO.jpg
train,NG_DANIFICADO,2,NAPLES_BLACK_20260706_113917_609558_NG_DANIFICADO.jpg,C:\SVC_INSPECAO_USB_GIT\datasets\NAPLES_BLACK_AUG200\NG_DANIFICADO\NAPLES_BLACK_20260706_113917_609558_NG_DANIFICADO.jpg
train,NG_DANIFICADO,2,NAPLES_BLACK_20260707_072139_855193_NG_DANIFICADO.jpg,C:\SVC_INSPECAO_USB_GIT\datasets\NAPLES_BLACK_AUG200\NG_DANIFICADO\NAPLES_BLACK_20260707_072139_855193_NG_DANIFICADO.jpg
train,NG_DANIFICADO,2,AUG_NG_DANIFICADO_0198_from_NAPLES_BLACK_20260706_113402_170124_NG_DANIFI.jpg,C:\SVC_INSPECAO_USB_GIT\datasets\NAPLES_BLACK_AUG200\NG_DANIFICADO\AUG_NG_DANIFICADO_0198_from_NAPLES_BLACK_20260706_113402_170124_NG_DANIFI.jpg
train,NG_DANIFICADO,2,NAPLES_BLACK_20260707_071149_746846_NG_DANIFICADO.jpg,C:\SVC_INSPECAO_USB_GIT\datasets\NAPLES_BLACK_AUG200\NG_DANIFICADO\NAPLES_BLACK_20260707_071149_746846_NG_DANIFICADO.jpg
train,NG_DANIFICADO,2,NAPLES_BLACK_20260707_073530_162167_NG_DANIFICADO.jpg,C:\SVC_INSPECAO_USB_GIT\datasets\NAPLES_BLACK_AUG200\NG_DANIFICADO\NAPLES_BLACK_20260707_073530_162167_NG_DANIFICADO.jpg
train,NG_DANIFICADO,2,AUG_NG_DANIFICADO_0166_from_NAPLES_BLACK_20260706_113318_476730_NG_DANIFI.jpg,C:\SVC_INSPECAO_USB_GIT\datasets\NAPLES_BLACK_AUG200\NG_DANIFICADO\AUG_NG_DANIFICADO_0166_from_NAPLES_BLACK_20260706_113318_476730_NG_DANIFI.jpg
train,NG_DANIFICADO,2,NAPLES_BLACK_20260706_114048_792837_NG_DANIFICADO.jpg,C:\SVC_INSPECAO_USB_GIT\datasets\NAPLES_BLACK_AUG200\NG_DANIFICADO\NAPLES_BLACK_20260706_114048_792837_NG_DANIFICADO.jpg
train,NG_DANIFICADO,2,NAPLES_BLACK_20260706_113542_185347_NG_DANIFICADO.jpg,C:\SVC_INSPECAO_USB_GIT\datasets\NAPLES_BLACK_AUG200\NG_DANIFICADO\NAPLES_BLACK_20260706_113542_185347_NG_DANIFICADO.jpg
train,NG_DANIFICADO,2,NAPLES_BLACK_20260707_071521_326709_NG_DANIFICADO.jpg,C:\SVC_INSPECAO_USB_GIT\datasets\NAPLES_BLACK_AUG200\NG_DANIFICADO\NAPLES_BLACK_20260707_071521_326709_NG_DANIFICADO.jpg
train,NG_DANIFICADO,2,AUG_NG_DANIFICADO_0165_from_NAPLES_BLACK_20260707_071140_578237_NG_DANIFI.jpg,C:\SVC_INSPECAO_USB_GIT\datasets\NAPLES_BLACK_AUG200\NG_DANIFICADO\AUG_NG_DANIFICADO_0165_from_NAPLES_BLACK_20260707_071140_578237_NG_DANIFI.jpg
train,NG_DANIFICADO,2,NAPLES_BLACK_20260707_072520_840364_NG_DANIFICADO.jpg,C:\SVC_INSPECAO_USB_GIT\datasets\NAPLES_BLACK_AUG200\NG_DANIFICADO\NAPLES_BLACK_20260707_072520_840364_NG_DANIFICADO.jpg
train,NG_DANIFICADO,2,NAPLES_BLACK_20260707_073033_566522_NG_DANIFICADO.jpg,C:\SVC_INSPECAO_USB_GIT\datasets\NAPLES_BLACK_AUG200\NG_DANIFICADO\NAPLES_BLACK_20260707_073033_566522_NG_DANIFICADO.jpg
train,NG_DANIFICADO,2,AUG_NG_DANIFICADO_0168_from_NAPLES_BLACK_20260707_071334_260960_NG_DANIFI.jpg,C:\SVC_INSPECAO_USB_GIT\datasets\NAPLES_BLACK_AUG200\NG_DANIFICADO\AUG_NG_DANIFICADO_0168_from_NAPLES_BLACK_20260707_071334_260960_NG_DANIFI.jpg
train,NG_DANIFICADO,2,NAPLES_BLACK_20260707_072711_435095_NG_DANIFICADO.jpg,C:\SVC_INSPECAO_USB_GIT\datasets\NAPLES_BLACK_AUG200\NG_DANIFICADO\NAPLES_BLACK_20260707_072711_435095_NG_DANIFICADO.jpg
train,NG_DANIFICADO,2,NAPLES_BLACK_20260706_113902_316418_NG_DANIFICADO.jpg,C:\SVC_INSPECAO_USB_GIT\datasets\NAPLES_BLACK_AUG200\NG_DANIFICADO\NAPLES_BLACK_20260706_113902_316418_NG_DANIFICADO.jpg
train,NG_DANIFICADO,2,AUG_NG_DANIFICADO_0131_from_NAPLES_BLACK_20260706_114048_792837_NG_DANIFI.jpg,C:\SVC_INSPECAO_USB_GIT\datasets\NAPLES_BLACK_AUG200\NG_DANIFICADO\AUG_NG_DANIFICADO_0131_from_NAPLES_BLACK_20260706_114048_792837_NG_DANIFI.jpg
train,NG_DANIFICADO,2,NAPLES_BLACK_20260707_071356_600910_NG_DANIFICADO.jpg,C:\SVC_INSPECAO_USB_GIT\datasets\NAPLES_BLACK_AUG200\NG_DANIFICADO\NAPLES_BLACK_20260707_071356_600910_NG_DANIFICADO.jpg
train,NG_DANIFICADO,2,NAPLES_BLACK_20260706_112654_636874_NG_DANIFICADO.jpg,C:\SVC_INSPECAO_USB_GIT\datasets\NAPLES_BLACK_AUG200\NG_DANIFICADO\NAPLES_BLACK_20260706_112654_636874_NG_DANIFICADO.jpg
train,NG_DANIFICADO,2,AUG_NG_DANIFICADO_0153_from_NAPLES_BLACK_20260707_071300_674196_NG_DANIFI.jpg,C:\SVC_INSPECAO_USB_GIT\datasets\NAPLES_BLACK_AUG200\NG_DANIFICADO\AUG_NG_DANIFICADO_0153_from_NAPLES_BLACK_20260707_071300_674196_NG_DANIFI.jpg
train,NG_DANIFICADO,2,NAPLES_BLACK_20260707_072624_354102_NG_DANIFICADO.jpg,C:\SVC_INSPECAO_USB_GIT\datasets\NAPLES_BLACK_AUG200\NG_DANIFICADO\NAPLES_BLACK_20260707_072624_354102_NG_DANIFICADO.jpg
train,NG_DANIFICADO,2,AUG_NG_DANIFICADO_0146_from_NAPLES_BLACK_20260706_113727_052995_NG_DANIFI.jpg,C:\SVC_INSPECAO_USB_GIT\datasets\NAPLES_BLACK_AUG200\NG_DANIFICADO\AUG_NG_DANIFICADO_0146_from_NAPLES_BLACK_20260706_113727_052995_NG_DANIFI.jpg
train,NG_DANIFICADO,2,AUG_NG_DANIFICADO_0191_from_NAPLES_BLACK_20260707_072740_306541_NG_DANIFI.jpg,C:\SVC_INSPECAO_USB_GIT\datasets\NAPLES_BLACK_AUG200\NG_DANIFICADO\AUG_NG_DANIFICADO_0191_from_NAPLES_BLACK_20260707_072740_306541_NG_DANIFI.jpg
train,NG_DANIFICADO,2,NAPLES_BLACK_20260706_112530_925232_NG_DANIFICADO.jpg,C:\SVC_INSPECAO_USB_GIT\datasets\NAPLES_BLACK_AUG200\NG_DANIFICADO\NAPLES_BLACK_20260706_112530_925232_NG_DANIFICADO.jpg
train,NG_DANIFICADO,2,NAPLES_BLACK_20260707_072721_370301_NG_DANIFICADO.jpg,C:\SVC_INSPECAO_USB_GIT\datasets\NAPLES_BLACK_AUG200\NG_DANIFICADO\NAPLES_BLACK_20260707_072721_370301_NG_DANIFICADO.jpg
train,NG_DANIFICADO,2,AUG_NG_DANIFICADO_0137_from_NAPLES_BLACK_20260707_071300_674196_NG_DANIFI.jpg,C:\SVC_INSPECAO_USB_GIT\datasets\NAPLES_BLACK_AUG200\NG_DANIFICADO\AUG_NG_DANIFICADO_0137_from_NAPLES_BLACK_20260707_071300_674196_NG_DANIFI.jpg
train,NG_DANIFICADO,2,NAPLES_BLACK_20260707_073355_436536_NG_DANIFICADO.jpg,C:\SVC_INSPECAO_USB_GIT\datasets\NAPLES_BLACK_AUG200\NG_DANIFICADO\NAPLES_BLACK_20260707_073355_436536_NG_DANIFICADO.jpg
train,NG_DANIFICADO,2,AUG_NG_DANIFICADO_0186_from_NAPLES_BLACK_20260707_073033_566522_NG_DANIFI.jpg,C:\SVC_INSPECAO_USB_GIT\datasets\NAPLES_BLACK_AUG200\NG_DANIFICADO\AUG_NG_DANIFICADO_0186_from_NAPLES_BLACK_20260707_073033_566522_NG_DANIFI.jpg
train,NG_DANIFICADO,2,NAPLES_BLACK_20260707_073258_944365_NG_DANIFICADO.jpg,C:\SVC_INSPECAO_USB_GIT\datasets\NAPLES_BLACK_AUG200\NG_DANIFICADO\NAPLES_BLACK_20260707_073258_944365_NG_DANIFICADO.jpg
train,NG_DANIFICADO,2,NAPLES_BLACK_20260707_072632_769168_NG_DANIFICADO.jpg,C:\SVC_INSPECAO_USB_GIT\datasets\NAPLES_BLACK_AUG200\NG_DANIFICADO\NAPLES_BLACK_20260707_072632_769168_NG_DANIFICADO.jpg
train,NG_DANIFICADO,2,NAPLES_BLACK_20260707_073014_631675_NG_DANIFICADO.jpg,C:\SVC_INSPECAO_USB_GIT\datasets\NAPLES_BLACK_AUG200\NG_DANIFICADO\NAPLES_BLACK_20260707_073014_631675_NG_DANIFICADO.jpg
train,NG_DANIFICADO,2,NAPLES_BLACK_20260707_072456_080916_NG_DANIFICADO.jpg,C:\SVC_INSPECAO_USB_GIT\datasets\NAPLES_BLACK_AUG200\NG_DANIFICADO\NAPLES_BLACK_20260707_072456_080916_NG_DANIFICADO.jpg
train,NG_DANIFICADO,2,NAPLES_BLACK_20260706_113806_783781_NG_DANIFICADO.jpg,C:\SVC_INSPECAO_USB_GIT\datasets\NAPLES_BLACK_AUG200\NG_DANIFICADO\NAPLES_BLACK_20260706_113806_783781_NG_DANIFICADO.jpg
train,NG_DANIFICADO,2,NAPLES_BLACK_20260707_071924_854085_NG_DANIFICADO.jpg,C:\SVC_INSPECAO_USB_GIT\datasets\NAPLES_BLACK_AUG200\NG_DANIFICADO\NAPLES_BLACK_20260707_071924_854085_NG_DANIFICADO.jpg
train,NG_DANIFICADO,2,AUG_NG_DANIFICADO_0174_from_NAPLES_BLACK_20260706_112530_925232_NG_DANIFI.jpg,C:\SVC_INSPECAO_USB_GIT\datasets\NAPLES_BLACK_AUG200\NG_DANIFICADO\AUG_NG_DANIFICADO_0174_from_NAPLES_BLACK_20260706_112530_925232_NG_DANIFI.jpg
train,NG_DANIFICADO,2,AUG_NG_DANIFICADO_0177_from_NAPLES_BLACK_20260707_072139_855193_NG_DANIFI.jpg,C:\SVC_INSPECAO_USB_GIT\datasets\NAPLES_BLACK_AUG200\NG_DANIFICADO\AUG_NG_DANIFICADO_0177_from_NAPLES_BLACK_20260707_072139_855193_NG_DANIFI.jpg
train,NG_DANIFICADO,2,AUG_NG_DANIFICADO_0145_from_NAPLES_BLACK_20260706_113902_316418_NG_DANIFI.jpg,C:\SVC_INSPECAO_USB_GIT\datasets\NAPLES_BLACK_AUG200\NG_DANIFICADO\AUG_NG_DANIFICADO_0145_from_NAPLES_BLACK_20260706_113902_316418_NG_DANIFI.jpg
train,NG_DANIFICADO,2,AUG_NG_DANIFICADO_0182_from_NAPLES_BLACK_20260706_113402_170124_NG_DANIFI.jpg,C:\SVC_INSPECAO_USB_GIT\datasets\NAPLES_BLACK_AUG200\NG_DANIFICADO\AUG_NG_DANIFICADO_0182_from_NAPLES_BLACK_20260706_113402_170124_NG_DANIFI.jpg
train,NG_DANIFICADO,2,NAPLES_BLACK_20260707_073146_128773_NG_DANIFICADO.jpg,C:\SVC_INSPECAO_USB_GIT\datasets\NAPLES_BLACK_AUG200\NG_DANIFICADO\NAPLES_BLACK_20260707_073146_128773_NG_DANIFICADO.jpg
train,NG_DANIFICADO,2,NAPLES_BLACK_20260707_070916_849906_NG_DANIFICADO.jpg,C:\SVC_INSPECAO_USB_GIT\datasets\NAPLES_BLACK_AUG200\NG_DANIFICADO\NAPLES_BLACK_20260707_070916_849906_NG_DANIFICADO.jpg
train,NG_DANIFICADO,2,NAPLES_BLACK_20260707_073410_887520_NG_DANIFICADO.jpg,C:\SVC_INSPECAO_USB_GIT\datasets\NAPLES_BLACK_AUG200\NG_DANIFICADO\NAPLES_BLACK_20260707_073410_887520_NG_DANIFICADO.jpg
train,NG_DANIFICADO,2,NAPLES_BLACK_20260707_071343_360422_NG_DANIFICADO.jpg,C:\SVC_INSPECAO_USB_GIT\datasets\NAPLES_BLACK_AUG200\NG_DANIFICADO\NAPLES_BLACK_20260707_071343_360422_NG_DANIFICADO.jpg
train,NG_DANIFICADO,2,NAPLES_BLACK_20260707_072550_802010_NG_DANIFICADO.jpg,C:\SVC_INSPECAO_USB_GIT\datasets\NAPLES_BLACK_AUG200\NG_DANIFICADO\NAPLES_BLACK_20260707_072550_802010_NG_DANIFICADO.jpg
train,NG_DANIFICADO,2,AUG_NG_DANIFICADO_0134_from_NAPLES_BLACK_20260707_072102_317736_NG_DANIFI.jpg,C:\SVC_INSPECAO_USB_GIT\datasets\NAPLES_BLACK_AUG200\NG_DANIFICADO\AUG_NG_DANIFICADO_0134_from_NAPLES_BLACK_20260707_072102_317736_NG_DANIFI.jpg
train,NG_DANIFICADO,2,NAPLES_BLACK_20260707_073249_914530_NG_DANIFICADO.jpg,C:\SVC_INSPECAO_USB_GIT\datasets\NAPLES_BLACK_AUG200\NG_DANIFICADO\NAPLES_BLACK_20260707_073249_914530_NG_DANIFICADO.jpg
train,NG_DANIFICADO,2,NAPLES_BLACK_20260707_073155_628851_NG_DANIFICADO.jpg,C:\SVC_INSPECAO_USB_GIT\datasets\NAPLES_BLACK_AUG200\NG_DANIFICADO\NAPLES_BLACK_20260707_073155_628851_NG_DANIFICADO.jpg
train,NG_DANIFICADO,2,NAPLES_BLACK_20260707_072458_896063_NG_DANIFICADO.jpg,C:\SVC_INSPECAO_USB_GIT\datasets\NAPLES_BLACK_AUG200\NG_DANIFICADO\NAPLES_BLACK_20260707_072458_896063_NG_DANIFICADO.jpg
train,NG_DANIFICADO,2,NAPLES_BLACK_20260706_085033_782417_NG_DANIFICADO.jpg,C:\SVC_INSPECAO_USB_GIT\datasets\NAPLES_BLACK_AUG200\NG_DANIFICADO\NAPLES_BLACK_20260706_085033_782417_NG_DANIFICADO.jpg
train,NG_DANIFICADO,2,NAPLES_BLACK_20260707_071625_606719_NG_DANIFICADO.jpg,C:\SVC_INSPECAO_USB_GIT\datasets\NAPLES_BLACK_AUG200\NG_DANIFICADO\NAPLES_BLACK_20260707_071625_606719_NG_DANIFICADO.jpg
train,NG_DANIFICADO,2,NAPLES_BLACK_20260707_072033_417396_NG_DANIFICADO.jpg,C:\SVC_INSPECAO_USB_GIT\datasets\NAPLES_BLACK_AUG200\NG_DANIFICADO\NAPLES_BLACK_20260707_072033_417396_NG_DANIFICADO.jpg
train,NG_DANIFICADO,2,NAPLES_BLACK_20260707_071334_260960_NG_DANIFICADO.jpg,C:\SVC_INSPECAO_USB_GIT\datasets\NAPLES_BLACK_AUG200\NG_DANIFICADO\NAPLES_BLACK_20260707_071334_260960_NG_DANIFICADO.jpg
train,NG_DANIFICADO,2,NAPLES_BLACK_20260707_070830_377203_NG_DANIFICADO.jpg,C:\SVC_INSPECAO_USB_GIT\datasets\NAPLES_BLACK_AUG200\NG_DANIFICADO\NAPLES_BLACK_20260707_070830_377203_NG_DANIFICADO.jpg
train,NG_DANIFICADO,2,AUG_NG_DANIFICADO_0190_from_NAPLES_BLACK_20260706_113343_071532_NG_DANIFI.jpg,C:\SVC_INSPECAO_USB_GIT\datasets\NAPLES_BLACK_AUG200\NG_DANIFICADO\AUG_NG_DANIFICADO_0190_from_NAPLES_BLACK_20260706_113343_071532_NG_DANIFI.jpg
train,NG_DANIFICADO,2,AUG_NG_DANIFICADO_0169_from_NAPLES_BLACK_20260706_113727_052995_NG_DANIFI.jpg,C:\SVC_INSPECAO_USB_GIT\datasets\NAPLES_BLACK_AUG200\NG_DANIFICADO\AUG_NG_DANIFICADO_0169_from_NAPLES_BLACK_20260706_113727_052995_NG_DANIFI.jpg
train,NG_DANIFICADO,2,NAPLES_BLACK_20260707_073502_291265_NG_DANIFICADO.jpg,C:\SVC_INSPECAO_USB_GIT\datasets\NAPLES_BLACK_AUG200\NG_DANIFICADO\NAPLES_BLACK_20260707_073502_291265_NG_DANIFICADO.jpg
train,NG_DANIFICADO,2,NAPLES_BLACK_20260707_070545_934492_NG_DANIFICADO.jpg,C:\SVC_INSPECAO_USB_GIT\datasets\NAPLES_BLACK_AUG200\NG_DANIFICADO\NAPLES_BLACK_20260707_070545_934492_NG_DANIFICADO.jpg
train,NG_DANIFICADO,2,NAPLES_BLACK_20260707_070737_765849_NG_DANIFICADO.jpg,C:\SVC_INSPECAO_USB_GIT\datasets\NAPLES_BLACK_AUG200\NG_DANIFICADO\NAPLES_BLACK_20260707_070737_765849_NG_DANIFICADO.jpg
train,NG_DANIFICADO,2,NAPLES_BLACK_20260706_113415_606979_NG_DANIFICADO.jpg,C:\SVC_INSPECAO_USB_GIT\datasets\NAPLES_BLACK_AUG200\NG_DANIFICADO\NAPLES_BLACK_20260706_113415_606979_NG_DANIFICADO.jpg
train,NG_DANIFICADO,2,NAPLES_BLACK_20260706_112723_488883_NG_DANIFICADO.jpg,C:\SVC_INSPECAO_USB_GIT\datasets\NAPLES_BLACK_AUG200\NG_DANIFICADO\NAPLES_BLACK_20260706_112723_488883_NG_DANIFICADO.jpg
train,NG_DANIFICADO,2,AUG_NG_DANIFICADO_0140_from_NAPLES_BLACK_20260706_112654_636874_NG_DANIFI.jpg,C:\SVC_INSPECAO_USB_GIT\datasets\NAPLES_BLACK_AUG200\NG_DANIFICADO\AUG_NG_DANIFICADO_0140_from_NAPLES_BLACK_20260706_112654_636874_NG_DANIFI.jpg
train,NG_DANIFICADO,2,NAPLES_BLACK_20260706_114024_279603_NG_DANIFICADO.jpg,C:\SVC_INSPECAO_USB_GIT\datasets\NAPLES_BLACK_AUG200\NG_DANIFICADO\NAPLES_BLACK_20260706_114024_279603_NG_DANIFICADO.jpg
train,NG_DANIFICADO,2,AUG_NG_DANIFICADO_0142_from_NAPLES_BLACK_20260707_071724_506852_NG_DANIFI.jpg,C:\SVC_INSPECAO_USB_GIT\datasets\NAPLES_BLACK_AUG200\NG_DANIFICADO\AUG_NG_DANIFICADO_0142_from_NAPLES_BLACK_20260707_071724_506852_NG_DANIFI.jpg
train,NG_DANIFICADO,2,AUG_NG_DANIFICADO_0143_from_NAPLES_BLACK_20260706_085202_736527_NG_DANIFI.jpg,C:\SVC_INSPECAO_USB_GIT\datasets\NAPLES_BLACK_AUG200\NG_DANIFICADO\AUG_NG_DANIFICADO_0143_from_NAPLES_BLACK_20260706_085202_736527_NG_DANIFI.jpg
train,NG_DANIFICADO,2,AUG_NG_DANIFICADO_0194_from_NAPLES_BLACK_20260706_113428_127908_NG_DANIFI.jpg,C:\SVC_INSPECAO_USB_GIT\datasets\NAPLES_BLACK_AUG200\NG_DANIFICADO\AUG_NG_DANIFICADO_0194_from_NAPLES_BLACK_20260706_113428_127908_NG_DANIFI.jpg
train,NG_DANIFICADO,2,AUG_NG_DANIFICADO_0197_from_NAPLES_BLACK_20260706_113542_185347_NG_DANIFI.jpg,C:\SVC_INSPECAO_USB_GIT\datasets\NAPLES_BLACK_AUG200\NG_DANIFICADO\AUG_NG_DANIFICADO_0197_from_NAPLES_BLACK_20260706_113542_185347_NG_DANIFI.jpg
train,NG_DANIFICADO,2,AUG_NG_DANIFICADO_0164_from_NAPLES_BLACK_20260706_113806_783781_NG_DANIFI.jpg,C:\SVC_INSPECAO_USB_GIT\datasets\NAPLES_BLACK_AUG200\NG_DANIFICADO\AUG_NG_DANIFICADO_0164_from_NAPLES_BLACK_20260706_113806_783781_NG_DANIFI.jpg
train,NG_DANIFICADO,2,NAPLES_BLACK_20260707_071826_071586_NG_DANIFICADO.jpg,C:\SVC_INSPECAO_USB_GIT\datasets\NAPLES_BLACK_AUG200\NG_DANIFICADO\NAPLES_BLACK_20260707_071826_071586_NG_DANIFICADO.jpg
train,NG_DANIFICADO,2,AUG_NG_DANIFICADO_0179_from_NAPLES_BLACK_20260707_071814_759114_NG_DANIFI.jpg,C:\SVC_INSPECAO_USB_GIT\datasets\NAPLES_BLACK_AUG200\NG_DANIFICADO\AUG_NG_DANIFICADO_0179_from_NAPLES_BLACK_20260707_071814_759114_NG_DANIFI.jpg
train,NG_DANIFICADO,2,NAPLES_BLACK_20260707_070748_096778_NG_DANIFICADO.jpg,C:\SVC_INSPECAO_USB_GIT\datasets\NAPLES_BLACK_AUG200\NG_DANIFICADO\NAPLES_BLACK_20260707_070748_096778_NG_DANIFICADO.jpg
train,NG_DANIFICADO,2,NAPLES_BLACK_20260707_070803_918081_NG_DANIFICADO.jpg,C:\SVC_INSPECAO_USB_GIT\datasets\NAPLES_BLACK_AUG200\NG_DANIFICADO\NAPLES_BLACK_20260707_070803_918081_NG_DANIFICADO.jpg
train,NG_DANIFICADO,2,NAPLES_BLACK_20260707_072217_829406_NG_DANIFICADO.jpg,C:\SVC_INSPECAO_USB_GIT\datasets\NAPLES_BLACK_AUG200\NG_DANIFICADO\NAPLES_BLACK_20260707_072217_829406_NG_DANIFICADO.jpg
train,NG_DANIFICADO,2,NAPLES_BLACK_20260706_113505_872641_NG_DANIFICADO.jpg,C:\SVC_INSPECAO_USB_GIT\datasets\NAPLES_BLACK_AUG200\NG_DANIFICADO\NAPLES_BLACK_20260706_113505_872641_NG_DANIFICADO.jpg
train,NG_DANIFICADO,2,NAPLES_BLACK_20260706_113230_706609_NG_DANIFICADO.jpg,C:\SVC_INSPECAO_USB_GIT\datasets\NAPLES_BLACK_AUG200\NG_DANIFICADO\NAPLES_BLACK_20260706_113230_706609_NG_DANIFICADO.jpg
train,NG_DANIFICADO,2,AUG_NG_DANIFICADO_0139_from_NAPLES_BLACK_20260707_070853_968186_NG_DANIFI.jpg,C:\SVC_INSPECAO_USB_GIT\datasets\NAPLES_BLACK_AUG200\NG_DANIFICADO\AUG_NG_DANIFICADO_0139_from_NAPLES_BLACK_20260707_070853_968186_NG_DANIFI.jpg
train,NG_DANIFICADO,2,NAPLES_BLACK_20260707_073325_410071_NG_DANIFICADO.jpg,C:\SVC_INSPECAO_USB_GIT\datasets\NAPLES_BLACK_AUG200\NG_DANIFICADO\NAPLES_BLACK_20260707_073325_410071_NG_DANIFICADO.jpg
train,NG_DANIFICADO,2,AUG_NG_DANIFICADO_0158_from_NAPLES_BLACK_20260707_073224_951118_NG_DANIFI.jpg,C:\SVC_INSPECAO_USB_GIT\datasets\NAPLES_BLACK_AUG200\NG_DANIFICADO\AUG_NG_DANIFICADO_0158_from_NAPLES_BLACK_20260707_073224_951118_NG_DANIFI.jpg
train,NG_DANIFICADO,2,NAPLES_BLACK_20260706_112601_934357_NG_DANIFICADO.jpg,C:\SVC_INSPECAO_USB_GIT\datasets\NAPLES_BLACK_AUG200\NG_DANIFICADO\NAPLES_BLACK_20260706_112601_934357_NG_DANIFICADO.jpg
train,NG_DANIFICADO,2,AUG_NG_DANIFICADO_0200_from_NAPLES_BLACK_20260707_071334_260960_NG_DANIFI.jpg,C:\SVC_INSPECAO_USB_GIT\datasets\NAPLES_BLACK_AUG200\NG_DANIFICADO\AUG_NG_DANIFICADO_0200_from_NAPLES_BLACK_20260707_071334_260960_NG_DANIFI.jpg
train,NG_DANIFICADO,2,AUG_NG_DANIFICADO_0155_from_NAPLES_BLACK_20260706_095139_536827_NG_DANIFI.jpg,C:\SVC_INSPECAO_USB_GIT\datasets\NAPLES_BLACK_AUG200\NG_DANIFICADO\AUG_NG_DANIFICADO_0155_from_NAPLES_BLACK_20260706_095139_536827_NG_DANIFI.jpg
train,NG_DANIFICADO,2,NAPLES_BLACK_20260707_071747_795929_NG_DANIFICADO.jpg,C:\SVC_INSPECAO_USB_GIT\datasets\NAPLES_BLACK_AUG200\NG_DANIFICADO\NAPLES_BLACK_20260707_071747_795929_NG_DANIFICADO.jpg
train,NG_DANIFICADO,2,AUG_NG_DANIFICADO_0148_from_NAPLES_BLACK_20260706_095139_536827_NG_DANIFI.jpg,C:\SVC_INSPECAO_USB_GIT\datasets\NAPLES_BLACK_AUG200\NG_DANIFICADO\AUG_NG_DANIFICADO_0148_from_NAPLES_BLACK_20260706_095139_536827_NG_DANIFI.jpg
train,NG_DANIFICADO,2,NAPLES_BLACK_20260707_071013_146837_NG_DANIFICADO.jpg,C:\SVC_INSPECAO_USB_GIT\datasets\NAPLES_BLACK_AUG200\NG_DANIFICADO\NAPLES_BLACK_20260707_071013_146837_NG_DANIFICADO.jpg
train,NG_DANIFICADO,2,AUG_NG_DANIFICADO_0159_from_NAPLES_BLACK_20260706_085202_736527_NG_DANIFI.jpg,C:\SVC_INSPECAO_USB_GIT\datasets\NAPLES_BLACK_AUG200\NG_DANIFICADO\AUG_NG_DANIFICADO_0159_from_NAPLES_BLACK_20260706_085202_736527_NG_DANIFI.jpg
train,NG_DANIFICADO,2,NAPLES_BLACK_20260707_073104_675749_NG_DANIFICADO.jpg,C:\SVC_INSPECAO_USB_GIT\datasets\NAPLES_BLACK_AUG200\NG_DANIFICADO\NAPLES_BLACK_20260707_073104_675749_NG_DANIFICADO.jpg
train,NG_DANIFICADO,2,NAPLES_BLACK_20260707_072041_792051_NG_DANIFICADO.jpg,C:\SVC_INSPECAO_USB_GIT\datasets\NAPLES_BLACK_AUG200\NG_DANIFICADO\NAPLES_BLACK_20260707_072041_792051_NG_DANIFICADO.jpg
train,NG_DANIFICADO,2,NAPLES_BLACK_20260706_085202_736527_NG_DANIFICADO.jpg,C:\SVC_INSPECAO_USB_GIT\datasets\NAPLES_BLACK_AUG200\NG_DANIFICADO\NAPLES_BLACK_20260706_085202_736527_NG_DANIFICADO.jpg
train,NG_DANIFICADO,2,NAPLES_BLACK_20260706_113154_503985_NG_DANIFICADO.jpg,C:\SVC_INSPECAO_USB_GIT\datasets\NAPLES_BLACK_AUG200\NG_DANIFICADO\NAPLES_BLACK_20260706_113154_503985_NG_DANIFICADO.jpg
train,NG_DANIFICADO,2,AUG_NG_DANIFICADO_0149_from_NAPLES_BLACK_20260706_111628_741250_NG_DANIFI.jpg,C:\SVC_INSPECAO_USB_GIT\datasets\NAPLES_BLACK_AUG200\NG_DANIFICADO\AUG_NG_DANIFICADO_0149_from_NAPLES_BLACK_20260706_111628_741250_NG_DANIFI.jpg
train,NG_DANIFICADO,2,NAPLES_BLACK_20260706_113318_476730_NG_DANIFICADO.jpg,C:\SVC_INSPECAO_USB_GIT\datasets\NAPLES_BLACK_AUG200\NG_DANIFICADO\NAPLES_BLACK_20260706_113318_476730_NG_DANIFICADO.jpg
train,NG_DANIFICADO,2,NAPLES_BLACK_20260706_112707_656365_NG_DANIFICADO.jpg,C:\SVC_INSPECAO_USB_GIT\datasets\NAPLES_BLACK_AUG200\NG_DANIFICADO\NAPLES_BLACK_20260706_112707_656365_NG_DANIFICADO.jpg
train,NG_DANIFICADO,2,NAPLES_BLACK_20260707_072603_333101_NG_DANIFICADO.jpg,C:\SVC_INSPECAO_USB_GIT\datasets\NAPLES_BLACK_AUG200\NG_DANIFICADO\NAPLES_BLACK_20260707_072603_333101_NG_DANIFICADO.jpg
train,NG_DANIFICADO,2,NAPLES_BLACK_20260706_113646_587089_NG_DANIFICADO.jpg,C:\SVC_INSPECAO_USB_GIT\datasets\NAPLES_BLACK_AUG200\NG_DANIFICADO\NAPLES_BLACK_20260706_113646_587089_NG_DANIFICADO.jpg
train,NG_DANIFICADO,2,NAPLES_BLACK_20260707_071814_759114_NG_DANIFICADO.jpg,C:\SVC_INSPECAO_USB_GIT\datasets\NAPLES_BLACK_AUG200\NG_DANIFICADO\NAPLES_BLACK_20260707_071814_759114_NG_DANIFICADO.jpg
train,NG_DANIFICADO,2,NAPLES_BLACK_20260706_113439_352501_NG_DANIFICADO.jpg,C:\SVC_INSPECAO_USB_GIT\datasets\NAPLES_BLACK_AUG200\NG_DANIFICADO\NAPLES_BLACK_20260706_113439_352501_NG_DANIFICADO.jpg
train,NG_DANIFICADO,2,NAPLES_BLACK_20260707_072148_270671_NG_DANIFICADO.jpg,C:\SVC_INSPECAO_USB_GIT\datasets\NAPLES_BLACK_AUG200\NG_DANIFICADO\NAPLES_BLACK_20260707_072148_270671_NG_DANIFICADO.jpg
train,NG_DANIFICADO,2,NAPLES_BLACK_20260707_072749_457699_NG_DANIFICADO.jpg,C:\SVC_INSPECAO_USB_GIT\datasets\NAPLES_BLACK_AUG200\NG_DANIFICADO\NAPLES_BLACK_20260707_072749_457699_NG_DANIFICADO.jpg
train,NG_DANIFICADO,2,NAPLES_BLACK_20260706_112500_941342_NG_DANIFICADO.jpg,C:\SVC_INSPECAO_USB_GIT\datasets\NAPLES_BLACK_AUG200\NG_DANIFICADO\NAPLES_BLACK_20260706_112500_941342_NG_DANIFICADO.jpg
train,NG_DANIFICADO,2,NAPLES_BLACK_20260707_072740_306541_NG_DANIFICADO.jpg,C:\SVC_INSPECAO_USB_GIT\datasets\NAPLES_BLACK_AUG200\NG_DANIFICADO\NAPLES_BLACK_20260707_072740_306541_NG_DANIFICADO.jpg
train,NG_DANIFICADO,2,NAPLES_BLACK_20260707_071102_650182_NG_DANIFICADO.jpg,C:\SVC_INSPECAO_USB_GIT\datasets\NAPLES_BLACK_AUG200\NG_DANIFICADO\NAPLES_BLACK_20260707_071102_650182_NG_DANIFICADO.jpg
train,NG_DANIFICADO,2,AUG_NG_DANIFICADO_0171_from_NAPLES_BLACK_20260707_073258_944365_NG_DANIFI.jpg,C:\SVC_INSPECAO_USB_GIT\datasets\NAPLES_BLACK_AUG200\NG_DANIFICADO\AUG_NG_DANIFICADO_0171_from_NAPLES_BLACK_20260707_073258_944365_NG_DANIFI.jpg
train,NG_DANIFICADO,2,AUG_NG_DANIFICADO_0156_from_NAPLES_BLACK_20260707_071826_071586_NG_DANIFI.jpg,C:\SVC_INSPECAO_USB_GIT\datasets\NAPLES_BLACK_AUG200\NG_DANIFICADO\AUG_NG_DANIFICADO_0156_from_NAPLES_BLACK_20260707_071826_071586_NG_DANIFI.jpg
train,NG_DANIFICADO,2,AUG_NG_DANIFICADO_0133_from_NAPLES_BLACK_20260707_071140_578237_NG_DANIFI.jpg,C:\SVC_INSPECAO_USB_GIT\datasets\NAPLES_BLACK_AUG200\NG_DANIFICADO\AUG_NG_DANIFICADO_0133_from_NAPLES_BLACK_20260707_071140_578237_NG_DANIFI.jpg
train,NG_DANIFICADO,2,NAPLES_BLACK_20260707_071613_138214_NG_DANIFICADO.jpg,C:\SVC_INSPECAO_USB_GIT\datasets\NAPLES_BLACK_AUG200\NG_DANIFICADO\NAPLES_BLACK_20260707_071613_138214_NG_DANIFICADO.jpg
train,NG_DANIFICADO,2,NAPLES_BLACK_20260707_073428_553256_NG_DANIFICADO.jpg,C:\SVC_INSPECAO_USB_GIT\datasets\NAPLES_BLACK_AUG200\NG_DANIFICADO\NAPLES_BLACK_20260707_073428_553256_NG_DANIFICADO.jpg
train,NG_DANIFICADO,2,NAPLES_BLACK_20260707_073347_456425_NG_DANIFICADO.jpg,C:\SVC_INSPECAO_USB_GIT\datasets\NAPLES_BLACK_AUG200\NG_DANIFICADO\NAPLES_BLACK_20260707_073347_456425_NG_DANIFICADO.jpg
train,NG_DANIFICADO,2,AUG_NG_DANIFICADO_0138_from_NAPLES_BLACK_20260707_073410_887520_NG_DANIFI.jpg,C:\SVC_INSPECAO_USB_GIT\datasets\NAPLES_BLACK_AUG200\NG_DANIFICADO\AUG_NG_DANIFICADO_0138_from_NAPLES_BLACK_20260707_073410_887520_NG_DANIFI.jpg
train,NG_DANIFICADO,2,NAPLES_BLACK_20260706_111628_741250_NG_DANIFICADO.jpg,C:\SVC_INSPECAO_USB_GIT\datasets\NAPLES_BLACK_AUG200\NG_DANIFICADO\NAPLES_BLACK_20260706_111628_741250_NG_DANIFICADO.jpg
train,NG_DANIFICADO,2,AUG_NG_DANIFICADO_0188_from_NAPLES_BLACK_20260706_112517_043798_NG_DANIFI.jpg,C:\SVC_INSPECAO_USB_GIT\datasets\NAPLES_BLACK_AUG200\NG_DANIFICADO\AUG_NG_DANIFICADO_0188_from_NAPLES_BLACK_20260706_112517_043798_NG_DANIFI.jpg
train,NG_DANIFICADO,2,NAPLES_BLACK_20260706_113449_627146_NG_DANIFICADO.jpg,C:\SVC_INSPECAO_USB_GIT\datasets\NAPLES_BLACK_AUG200\NG_DANIFICADO\NAPLES_BLACK_20260706_113449_627146_NG_DANIFICADO.jpg
train,NG_DANIFICADO,2,AUG_NG_DANIFICADO_0176_from_NAPLES_BLACK_20260707_072007_154722_NG_DANIFI.jpg,C:\SVC_INSPECAO_USB_GIT\datasets\NAPLES_BLACK_AUG200\NG_DANIFICADO\AUG_NG_DANIFICADO_0176_from_NAPLES_BLACK_20260707_072007_154722_NG_DANIFI.jpg
train,NG_DANIFICADO,2,AUG_NG_DANIFICADO_0160_from_NAPLES_BLACK_20260707_071343_360422_NG_DANIFI.jpg,C:\SVC_INSPECAO_USB_GIT\datasets\NAPLES_BLACK_AUG200\NG_DANIFICADO\AUG_NG_DANIFICADO_0160_from_NAPLES_BLACK_20260707_071343_360422_NG_DANIFI.jpg
train,NG_DANIFICADO,2,NAPLES_BLACK_20260707_072821_039494_NG_DANIFICADO.jpg,C:\SVC_INSPECAO_USB_GIT\datasets\NAPLES_BLACK_AUG200\NG_DANIFICADO\NAPLES_BLACK_20260707_072821_039494_NG_DANIFICADO.jpg
train,NG_DANIFICADO,2,NAPLES_BLACK_20260707_071300_674196_NG_DANIFICADO.jpg,C:\SVC_INSPECAO_USB_GIT\datasets\NAPLES_BLACK_AUG200\NG_DANIFICADO\NAPLES_BLACK_20260707_071300_674196_NG_DANIFICADO.jpg
train,NG_DANIFICADO,2,NAPLES_BLACK_20260707_071140_578237_NG_DANIFICADO.jpg,C:\SVC_INSPECAO_USB_GIT\datasets\NAPLES_BLACK_AUG200\NG_DANIFICADO\NAPLES_BLACK_20260707_071140_578237_NG_DANIFICADO.jpg
train,NG_DANIFICADO,2,NAPLES_BLACK_20260706_113708_927154_NG_DANIFICADO.jpg,C:\SVC_INSPECAO_USB_GIT\datasets\NAPLES_BLACK_AUG200\NG_DANIFICADO\NAPLES_BLACK_20260706_113708_927154_NG_DANIFICADO.jpg
val,NG_DANIFICADO,2,AUG_NG_DANIFICADO_0144_from_NAPLES_BLACK_20260707_071625_606719_NG_DANIFI.jpg,C:\SVC_INSPECAO_USB_GIT\datasets\NAPLES_BLACK_AUG200\NG_DANIFICADO\AUG_NG_DANIFICADO_0144_from_NAPLES_BLACK_20260707_071625_606719_NG_DANIFI.jpg
val,NG_DANIFICADO,2,AUG_NG_DANIFICADO_0175_from_NAPLES_BLACK_20260707_071826_071586_NG_DANIFI.jpg,C:\SVC_INSPECAO_USB_GIT\datasets\NAPLES_BLACK_AUG200\NG_DANIFICADO\AUG_NG_DANIFICADO_0175_from_NAPLES_BLACK_20260707_071826_071586_NG_DANIFI.jpg
val,NG_DANIFICADO,2,NAPLES_BLACK_20260706_113936_903186_NG_DANIFICADO.jpg,C:\SVC_INSPECAO_USB_GIT\datasets\NAPLES_BLACK_AUG200\NG_DANIFICADO\NAPLES_BLACK_20260706_113936_903186_NG_DANIFICADO.jpg
val,NG_DANIFICADO,2,AUG_NG_DANIFICADO_0170_from_NAPLES_BLACK_20260707_073410_887520_NG_DANIFI.jpg,C:\SVC_INSPECAO_USB_GIT\datasets\NAPLES_BLACK_AUG200\NG_DANIFICADO\AUG_NG_DANIFICADO_0170_from_NAPLES_BLACK_20260707_073410_887520_NG_DANIFI.jpg
val,NG_DANIFICADO,2,AUG_NG_DANIFICADO_0132_from_NAPLES_BLACK_20260706_113505_872641_NG_DANIFI.jpg,C:\SVC_INSPECAO_USB_GIT\datasets\NAPLES_BLACK_AUG200\NG_DANIFICADO\AUG_NG_DANIFICADO_0132_from_NAPLES_BLACK_20260706_113505_872641_NG_DANIFI.jpg
val,NG_DANIFICADO,2,AUG_NG_DANIFICADO_0161_from_NAPLES_BLACK_20260706_113239_319286_NG_DANIFI.jpg,C:\SVC_INSPECAO_USB_GIT\datasets\NAPLES_BLACK_AUG200\NG_DANIFICADO\AUG_NG_DANIFICADO_0161_from_NAPLES_BLACK_20260706_113239_319286_NG_DANIFI.jpg
val,NG_DANIFICADO,2,NAPLES_BLACK_20260707_071735_532980_NG_DANIFICADO.jpg,C:\SVC_INSPECAO_USB_GIT\datasets\NAPLES_BLACK_AUG200\NG_DANIFICADO\NAPLES_BLACK_20260707_071735_532980_NG_DANIFICADO.jpg
val,NG_DANIFICADO,2,AUG_NG_DANIFICADO_0152_from_NAPLES_BLACK_20260706_114816_701810_NG_DANIFI.jpg,C:\SVC_INSPECAO_USB_GIT\datasets\NAPLES_BLACK_AUG200\NG_DANIFICADO\AUG_NG_DANIFICADO_0152_from_NAPLES_BLACK_20260706_114816_701810_NG_DANIFI.jpg
val,NG_DANIFICADO,2,AUG_NG_DANIFICADO_0183_from_NAPLES_BLACK_20260707_070654_611266_NG_DANIFI.jpg,C:\SVC_INSPECAO_USB_GIT\datasets\NAPLES_BLACK_AUG200\NG_DANIFICADO\AUG_NG_DANIFICADO_0183_from_NAPLES_BLACK_20260707_070654_611266_NG_DANIFI.jpg
val,NG_DANIFICADO,2,AUG_NG_DANIFICADO_0151_from_NAPLES_BLACK_20260706_113154_503985_NG_DANIFI.jpg,C:\SVC_INSPECAO_USB_GIT\datasets\NAPLES_BLACK_AUG200\NG_DANIFICADO\AUG_NG_DANIFICADO_0151_from_NAPLES_BLACK_20260706_113154_503985_NG_DANIFI.jpg
val,NG_DANIFICADO,2,NAPLES_BLACK_20260706_113527_372023_NG_DANIFICADO.jpg,C:\SVC_INSPECAO_USB_GIT\datasets\NAPLES_BLACK_AUG200\NG_DANIFICADO\NAPLES_BLACK_20260706_113527_372023_NG_DANIFICADO.jpg
val,NG_DANIFICADO,2,NAPLES_BLACK_20260707_072114_441270_NG_DANIFICADO.jpg,C:\SVC_INSPECAO_USB_GIT\datasets\NAPLES_BLACK_AUG200\NG_DANIFICADO\NAPLES_BLACK_20260707_072114_441270_NG_DANIFICADO.jpg
val,NG_DANIFICADO,2,NAPLES_BLACK_20260706_112637_270947_NG_DANIFICADO.jpg,C:\SVC_INSPECAO_USB_GIT\datasets\NAPLES_BLACK_AUG200\NG_DANIFICADO\NAPLES_BLACK_20260706_112637_270947_NG_DANIFICADO.jpg
val,NG_DANIFICADO,2,AUG_NG_DANIFICADO_0185_from_NAPLES_BLACK_20260707_071724_506852_NG_DANIFI.jpg,C:\SVC_INSPECAO_USB_GIT\datasets\NAPLES_BLACK_AUG200\NG_DANIFICADO\AUG_NG_DANIFICADO_0185_from_NAPLES_BLACK_20260707_071724_506852_NG_DANIFI.jpg
val,NG_DANIFICADO,2,AUG_NG_DANIFICADO_0187_from_NAPLES_BLACK_20260707_070928_765376_NG_DANIFI.jpg,C:\SVC_INSPECAO_USB_GIT\datasets\NAPLES_BLACK_AUG200\NG_DANIFICADO\AUG_NG_DANIFICADO_0187_from_NAPLES_BLACK_20260707_070928_765376_NG_DANIFI.jpg
val,NG_DANIFICADO,2,NAPLES_BLACK_20260706_113343_071532_NG_DANIFICADO.jpg,C:\SVC_INSPECAO_USB_GIT\datasets\NAPLES_BLACK_AUG200\NG_DANIFICADO\NAPLES_BLACK_20260706_113343_071532_NG_DANIFICADO.jpg
val,NG_DANIFICADO,2,AUG_NG_DANIFICADO_0181_from_NAPLES_BLACK_20260707_070916_849906_NG_DANIFI.jpg,C:\SVC_INSPECAO_USB_GIT\datasets\NAPLES_BLACK_AUG200\NG_DANIFICADO\AUG_NG_DANIFICADO_0181_from_NAPLES_BLACK_20260707_070916_849906_NG_DANIFI.jpg
val,NG_DANIFICADO,2,NAPLES_BLACK_20260706_113727_052995_NG_DANIFICADO.jpg,C:\SVC_INSPECAO_USB_GIT\datasets\NAPLES_BLACK_AUG200\NG_DANIFICADO\NAPLES_BLACK_20260706_113727_052995_NG_DANIFICADO.jpg
val,NG_DANIFICADO,2,NAPLES_BLACK_20260707_071655_117241_NG_DANIFICADO.jpg,C:\SVC_INSPECAO_USB_GIT\datasets\NAPLES_BLACK_AUG200\NG_DANIFICADO\NAPLES_BLACK_20260707_071655_117241_NG_DANIFICADO.jpg
val,NG_DANIFICADO,2,NAPLES_BLACK_20260707_070839_802756_NG_DANIFICADO.jpg,C:\SVC_INSPECAO_USB_GIT\datasets\NAPLES_BLACK_AUG200\NG_DANIFICADO\NAPLES_BLACK_20260707_070839_802756_NG_DANIFICADO.jpg
val,NG_DANIFICADO,2,NAPLES_BLACK_20260706_113402_170124_NG_DANIFICADO.jpg,C:\SVC_INSPECAO_USB_GIT\datasets\NAPLES_BLACK_AUG200\NG_DANIFICADO\NAPLES_BLACK_20260706_113402_170124_NG_DANIFICADO.jpg
val,NG_DANIFICADO,2,AUG_NG_DANIFICADO_0199_from_NAPLES_BLACK_20260706_112332_180102_NG_DANIFI.jpg,C:\SVC_INSPECAO_USB_GIT\datasets\NAPLES_BLACK_AUG200\NG_DANIFICADO\AUG_NG_DANIFICADO_0199_from_NAPLES_BLACK_20260706_112332_180102_NG_DANIFI.jpg
val,NG_DANIFICADO,2,NAPLES_BLACK_20260707_070726_281353_NG_DANIFICADO.jpg,C:\SVC_INSPECAO_USB_GIT\datasets\NAPLES_BLACK_AUG200\NG_DANIFICADO\NAPLES_BLACK_20260707_070726_281353_NG_DANIFICADO.jpg
val,NG_DANIFICADO,2,NAPLES_BLACK_20260706_112744_870171_NG_DANIFICADO.jpg,C:\SVC_INSPECAO_USB_GIT\datasets\NAPLES_BLACK_AUG200\NG_DANIFICADO\NAPLES_BLACK_20260706_112744_870171_NG_DANIFICADO.jpg
val,NG_DANIFICADO,2,AUG_NG_DANIFICADO_0141_from_NAPLES_BLACK_20260706_113646_587089_NG_DANIFI.jpg,C:\SVC_INSPECAO_USB_GIT\datasets\NAPLES_BLACK_AUG200\NG_DANIFICADO\AUG_NG_DANIFICADO_0141_from_NAPLES_BLACK_20260706_113646_587089_NG_DANIFI.jpg
val,NG_DANIFICADO,2,NAPLES_BLACK_20260707_070928_765376_NG_DANIFICADO.jpg,C:\SVC_INSPECAO_USB_GIT\datasets\NAPLES_BLACK_AUG200\NG_DANIFICADO\NAPLES_BLACK_20260707_070928_765376_NG_DANIFICADO.jpg
val,NG_DANIFICADO,2,NAPLES_BLACK_20260707_072007_154722_NG_DANIFICADO.jpg,C:\SVC_INSPECAO_USB_GIT\datasets\NAPLES_BLACK_AUG200\NG_DANIFICADO\NAPLES_BLACK_20260707_072007_154722_NG_DANIFICADO.jpg
val,NG_DANIFICADO,2,NAPLES_BLACK_20260707_073512_187205_NG_DANIFICADO.jpg,C:\SVC_INSPECAO_USB_GIT\datasets\NAPLES_BLACK_AUG200\NG_DANIFICADO\NAPLES_BLACK_20260707_073512_187205_NG_DANIFICADO.jpg
val,NG_DANIFICADO,2,AUG_NG_DANIFICADO_0150_from_NAPLES_BLACK_20260707_072624_354102_NG_DANIFI.jpg,C:\SVC_INSPECAO_USB_GIT\datasets\NAPLES_BLACK_AUG200\NG_DANIFICADO\AUG_NG_DANIFICADO_0150_from_NAPLES_BLACK_20260707_072624_354102_NG_DANIFI.jpg
val,NG_DANIFICADO,2,NAPLES_BLACK_20260707_073224_951118_NG_DANIFICADO.jpg,C:\SVC_INSPECAO_USB_GIT\datasets\NAPLES_BLACK_AUG200\NG_DANIFICADO\NAPLES_BLACK_20260707_073224_951118_NG_DANIFICADO.jpg
val,NG_DANIFICADO,2,NAPLES_BLACK_20260707_071410_863128_NG_DANIFICADO.jpg,C:\SVC_INSPECAO_USB_GIT\datasets\NAPLES_BLACK_AUG200\NG_DANIFICADO\NAPLES_BLACK_20260707_071410_863128_NG_DANIFICADO.jpg
val,NG_DANIFICADO,2,NAPLES_BLACK_20260707_070905_878798_NG_DANIFICADO.jpg,C:\SVC_INSPECAO_USB_GIT\datasets\NAPLES_BLACK_AUG200\NG_DANIFICADO\NAPLES_BLACK_20260707_070905_878798_NG_DANIFICADO.jpg
val,NG_DANIFICADO,2,NAPLES_BLACK_20260707_071724_506852_NG_DANIFICADO.jpg,C:\SVC_INSPECAO_USB_GIT\datasets\NAPLES_BLACK_AUG200\NG_DANIFICADO\NAPLES_BLACK_20260707_071724_506852_NG_DANIFICADO.jpg
val,NG_DANIFICADO,2,AUG_NG_DANIFICADO_0184_from_NAPLES_BLACK_20260706_112707_656365_NG_DANIFI.jpg,C:\SVC_INSPECAO_USB_GIT\datasets\NAPLES_BLACK_AUG200\NG_DANIFICADO\AUG_NG_DANIFICADO_0184_from_NAPLES_BLACK_20260706_112707_656365_NG_DANIFI.jpg
val,NG_DANIFICADO,2,NAPLES_BLACK_20260707_072836_328452_NG_DANIFICADO.jpg,C:\SVC_INSPECAO_USB_GIT\datasets\NAPLES_BLACK_AUG200\NG_DANIFICADO\NAPLES_BLACK_20260707_072836_328452_NG_DANIFICADO.jpg
val,NG_DANIFICADO,2,AUG_NG_DANIFICADO_0157_from_NAPLES_BLACK_20260707_072624_354102_NG_DANIFI.jpg,C:\SVC_INSPECAO_USB_GIT\datasets\NAPLES_BLACK_AUG200\NG_DANIFICADO\AUG_NG_DANIFICADO_0157_from_NAPLES_BLACK_20260707_072624_354102_NG_DANIFI.jpg
val,NG_DANIFICADO,2,AUG_NG_DANIFICADO_0178_from_NAPLES_BLACK_20260706_112517_043798_NG_DANIFI.jpg,C:\SVC_INSPECAO_USB_GIT\datasets\NAPLES_BLACK_AUG200\NG_DANIFICADO\AUG_NG_DANIFICADO_0178_from_NAPLES_BLACK_20260706_112517_043798_NG_DANIFI.jpg
val,NG_DANIFICADO,2,NAPLES_BLACK_20260707_070853_968186_NG_DANIFICADO.jpg,C:\SVC_INSPECAO_USB_GIT\datasets\NAPLES_BLACK_AUG200\NG_DANIFICADO\NAPLES_BLACK_20260707_070853_968186_NG_DANIFICADO.jpg
val,NG_DANIFICADO,2,AUG_NG_DANIFICADO_0189_from_NAPLES_BLACK_20260706_113629_289284_NG_DANIFI.jpg,C:\SVC_INSPECAO_USB_GIT\datasets\NAPLES_BLACK_AUG200\NG_DANIFICADO\AUG_NG_DANIFICADO_0189_from_NAPLES_BLACK_20260706_113629_289284_NG_DANIFI.jpg
val,NG_DANIFICADO,2,AUG_NG_DANIFICADO_0162_from_NAPLES_BLACK_20260707_073146_128773_NG_DANIFI.jpg,C:\SVC_INSPECAO_USB_GIT\datasets\NAPLES_BLACK_AUG200\NG_DANIFICADO\AUG_NG_DANIFICADO_0162_from_NAPLES_BLACK_20260707_073146_128773_NG_DANIFI.jpg
